ref_date,cma,dguid,permit_value_t,source_status,overnight_rate,ontario_unemployment_rate,overnight_rate_lag_1,unemployment_lag_1,target_date,permit_value_t_plus_1,log_target,lag_1,lag_3,lag_6,lag_12,rolling_mean_3,rolling_sd_3,seasonal_naive_pred,month_sin,month_cos,time_index,pandemic_indicator
2019-01-01,Hamilton,2011S0503537,150570.0,,1.75,5.6,1.75,5.5,2019-02-01,96884.0,11.481279987134682,150624.0,81592.0,171355.0,138946.0,125585.0,43322.06321264026,129510.0,0.8660254037844386,0.5000000000000001,12,0
2019-01-01,Kitchener-Cambridge-Waterloo,2011S0503541,247721.0,,1.75,5.6,1.75,5.5,2019-02-01,136087.0,11.82105701428942,187346.0,146458.0,135149.0,146509.0,179565.33333333334,72360.41871308742,99482.0,0.8660254037844386,0.5000000000000001,12,0
2019-01-01,London,2011S0503555,109906.0,,1.75,5.6,1.75,5.5,2019-02-01,138562.0,11.839080374832085,152340.0,132874.0,109707.0,269528.0,129141.0,21492.930488884005,171276.0,0.8660254037844386,0.5000000000000001,12,0
2019-01-01,Toronto,2011S0503535,2061830.0,,1.75,5.6,1.75,5.5,2019-02-01,1782668.0,14.393622237435528,1766593.0,2237017.0,1630383.0,1951696.0,1862929.6666666667,172280.87773265265,1920018.0,0.8660254037844386,0.5000000000000001,12,0
2019-01-01,Windsor,2011S0503559,48676.0,,1.75,5.6,1.75,5.5,2019-02-01,43901.0,10.689715156112085,44551.0,63954.0,51353.0,46873.0,53299.666666666664,11763.008982965768,64757.0,0.8660254037844386,0.5000000000000001,12,0
2019-02-01,Hamilton,2011S0503537,96884.0,,1.75,5.6,1.75,5.6,2019-03-01,222336.0,12.311949527847787,150570.0,75561.0,194863.0,129510.0,132692.66666666666,31011.226762792405,276150.0,1.0,6.123233995736766e-17,13,0
2019-02-01,Kitchener-Cambridge-Waterloo,2011S0503541,136087.0,,1.75,5.6,1.75,5.6,2019-03-01,119615.0,11.692041890815235,247721.0,103629.0,140351.0,99482.0,190384.66666666666,55878.99972559756,136634.0,1.0,6.123233995736766e-17,13,0
2019-02-01,London,2011S0503555,138562.0,,1.75,5.6,1.75,5.6,2019-03-01,109034.0,11.599424210586845,109906.0,125177.0,104253.0,171276.0,133602.66666666666,21647.34000595298,127230.0,1.0,6.123233995736766e-17,13,0
2019-02-01,Toronto,2011S0503535,1782668.0,,1.75,5.6,1.75,5.6,2019-03-01,1738867.0,14.36874488476251,2061830.0,1760366.0,1521845.0,1920018.0,1870363.6666666667,166009.3943315655,1565340.0,1.0,6.123233995736766e-17,13,0
2019-02-01,Windsor,2011S0503559,43901.0,,1.75,5.6,1.75,5.6,2019-03-01,38346.0,10.554431576877635,48676.0,66672.0,58166.0,64757.0,45709.333333333336,2589.683056540578,45235.0,1.0,6.123233995736766e-17,13,0
2019-03-01,Hamilton,2011S0503537,222336.0,,1.75,5.9,1.75,5.6,2019-04-01,98987.0,11.502753909648732,96884.0,150624.0,156702.0,276150.0,156596.66666666666,62942.76455108508,234258.0,0.8660254037844387,-0.4999999999999998,14,0
2019-03-01,Kitchener-Cambridge-Waterloo,2011S0503541,119615.0,,1.75,5.9,1.75,5.6,2019-04-01,142336.0,11.865952764334962,136087.0,187346.0,97306.0,136634.0,167807.66666666666,69695.31784369257,156397.0,0.8660254037844387,-0.4999999999999998,14,0
2019-03-01,London,2011S0503555,109034.0,,1.75,5.9,1.75,5.6,2019-04-01,161129.0,11.989966771567614,138562.0,152340.0,113820.0,127230.0,119167.33333333333,16801.931952407576,165358.0,0.8660254037844387,-0.4999999999999998,14,0
2019-03-01,Toronto,2011S0503535,1738867.0,,1.75,5.9,1.75,5.6,2019-04-01,1519973.0,14.234203787413005,1782668.0,1766593.0,1781036.0,1565340.0,1861121.6666666667,175192.77440103862,1687426.0,0.8660254037844387,-0.4999999999999998,14,0
2019-03-01,Windsor,2011S0503559,38346.0,,1.75,5.9,1.75,5.6,2019-04-01,97670.0,11.48935996694752,43901.0,44551.0,61096.0,45235.0,43641.0,5169.905705136218,55785.0,0.8660254037844387,-0.4999999999999998,14,0
2019-04-01,Hamilton,2011S0503537,98987.0,,1.75,5.9,1.75,5.9,2019-05-01,165123.0,12.01445198578812,222336.0,150570.0,81592.0,234258.0,139402.33333333334,71830.35884870222,197200.0,0.49999999999999994,-0.8660254037844387,15,0
2019-04-01,Kitchener-Cambridge-Waterloo,2011S0503541,142336.0,,1.75,5.9,1.75,5.9,2019-05-01,135049.0,11.813400359220761,119615.0,247721.0,146458.0,156397.0,132679.33333333334,11737.55103645265,105750.0,0.49999999999999994,-0.8660254037844387,15,0
2019-04-01,London,2011S0503555,161129.0,,1.75,5.9,1.75,5.9,2019-05-01,207650.0,12.243614064843113,109034.0,109906.0,132874.0,165358.0,136241.66666666666,26124.896484643377,120312.0,0.49999999999999994,-0.8660254037844387,15,0
2019-04-01,Toronto,2011S0503535,1519973.0,,1.75,5.9,1.75,5.9,2019-05-01,1657296.0,14.320698519936824,1738867.0,2061830.0,2237017.0,1687426.0,1680502.6666666667,140737.21011279582,2019393.0,0.49999999999999994,-0.8660254037844387,15,0
2019-04-01,Windsor,2011S0503559,97670.0,,1.75,5.9,1.75,5.9,2019-05-01,68565.0,11.135552064028248,38346.0,48676.0,63954.0,55785.0,59972.333333333336,32765.073788003796,41186.0,0.49999999999999994,-0.8660254037844387,15,0
2019-05-01,Hamilton,2011S0503537,165123.0,,1.75,5.2,1.75,5.9,2019-06-01,235353.0,12.368846042648316,98987.0,96884.0,75561.0,197200.0,162148.66666666666,61728.26697983131,198704.0,1.2246467991473532e-16,-1.0,16,0
2019-05-01,Kitchener-Cambridge-Waterloo,2011S0503541,135049.0,,1.75,5.2,1.75,5.9,2019-06-01,415077.0,12.936221733359336,142336.0,136087.0,103629.0,105750.0,132333.33333333334,11601.383293958124,49923.0,1.2246467991473532e-16,-1.0,16,0
2019-05-01,London,2011S0503555,207650.0,,1.75,5.2,1.75,5.9,2019-06-01,148946.0,11.911345816951687,161129.0,138562.0,125177.0,120312.0,159271.0,49334.24760751902,140613.0,1.2246467991473532e-16,-1.0,16,0
2019-05-01,Toronto,2011S0503535,1657296.0,,1.75,5.2,1.75,5.9,2019-06-01,1495248.0,14.217803306122095,1519973.0,1782668.0,1760366.0,2019393.0,1638712.0,110624.00101695793,1933339.0,1.2246467991473532e-16,-1.0,16,0
2019-05-01,Windsor,2011S0503559,68565.0,,1.75,5.2,1.75,5.9,2019-06-01,59288.0,10.990179070308544,97670.0,43901.0,66672.0,41186.0,68193.66666666667,29663.743194906026,62160.0,1.2246467991473532e-16,-1.0,16,0
2019-06-01,Hamilton,2011S0503537,235353.0,,1.75,5.3,1.75,5.2,2019-07-01,139457.0,11.845518759642482,165123.0,222336.0,150624.0,198704.0,166487.66666666666,68193.24178636276,171355.0,-0.4999999999999997,-0.8660254037844388,17,0
2019-06-01,Kitchener-Cambridge-Waterloo,2011S0503541,415077.0,,1.75,5.3,1.75,5.2,2019-07-01,278731.0,12.538006025680444,135049.0,119615.0,187346.0,49923.0,230820.66666666666,159612.2563349486,135149.0,-0.4999999999999997,-0.8660254037844388,17,0
2019-06-01,London,2011S0503555,148946.0,,1.75,5.3,1.75,5.2,2019-07-01,183002.0,12.11725782513181,207650.0,109034.0,152340.0,140613.0,172575.0,30980.60830584181,109707.0,-0.4999999999999997,-0.8660254037844388,17,0
2019-06-01,Toronto,2011S0503535,1495248.0,,1.75,5.3,1.75,5.2,2019-07-01,1687593.0,14.338814403881132,1657296.0,1738867.0,1766593.0,1933339.0,1557505.6666666667,87300.71234722684,1630383.0,-0.4999999999999997,-0.8660254037844388,17,0
2019-06-01,Windsor,2011S0503559,59288.0,,1.75,5.3,1.75,5.2,2019-07-01,95773.0,11.469746528376257,68565.0,38346.0,44551.0,62160.0,75174.33333333333,20026.406226113893,51353.0,-0.4999999999999997,-0.8660254037844388,17,0
2019-07-01,Hamilton,2011S0503537,139457.0,,1.75,5.7,1.75,5.3,2019-08-01,127475.0,11.755683390568013,235353.0,98987.0,150570.0,171355.0,179977.66666666666,49643.79664503242,194863.0,-0.8660254037844385,-0.5000000000000004,18,0
2019-07-01,Kitchener-Cambridge-Waterloo,2011S0503541,278731.0,,1.75,5.7,1.75,5.3,2019-08-01,184300.0,12.124325569579169,415077.0,142336.0,247721.0,135149.0,276285.6666666667,140030.01441595776,140351.0,-0.8660254037844385,-0.5000000000000004,18,0
2019-07-01,London,2011S0503555,183002.0,,1.75,5.7,1.75,5.3,2019-08-01,149460.0,11.914790768215276,148946.0,161129.0,109906.0,109707.0,179866.0,29477.37735959551,104253.0,-0.8660254037844385,-0.5000000000000004,18,0
2019-07-01,Toronto,2011S0503535,1687593.0,,1.75,5.7,1.75,5.3,2019-08-01,1844136.0,14.427521975349785,1495248.0,1519973.0,2061830.0,1630383.0,1613379.0,103419.90583538504,1521845.0,-0.8660254037844385,-0.5000000000000004,18,0
2019-07-01,Windsor,2011S0503559,95773.0,,1.75,5.7,1.75,5.3,2019-08-01,71584.0,11.178640833794429,59288.0,97670.0,48676.0,51353.0,74542.0,18962.652847109763,58166.0,-0.8660254037844385,-0.5000000000000004,18,0
2019-08-01,Hamilton,2011S0503537,127475.0,,1.75,5.6,1.75,5.7,2019-09-01,127259.0,11.753987516786783,139457.0,165123.0,96884.0,194863.0,167428.33333333334,59128.77757347376,156702.0,-1.0,-1.8369701987210297e-16,19,0
2019-08-01,Kitchener-Cambridge-Waterloo,2011S0503541,184300.0,,1.75,5.6,1.75,5.7,2019-09-01,144928.0,11.883999246310056,278731.0,135049.0,136087.0,140351.0,292702.6666666667,116021.16847512501,97306.0,-1.0,-1.8369701987210297e-16,19,0
2019-08-01,London,2011S0503555,149460.0,,1.75,5.6,1.75,5.7,2019-09-01,156930.0,11.963561497280354,183002.0,207650.0,138562.0,104253.0,160469.33333333334,19515.55403603314,113820.0,-1.0,-1.8369701987210297e-16,19,0
2019-08-01,Toronto,2011S0503535,1844136.0,,1.75,5.6,1.75,5.7,2019-09-01,1726670.0,14.361705835216917,1687593.0,1657296.0,1782668.0,1521845.0,1675659.0,174749.8909956739,1781036.0,-1.0,-1.8369701987210297e-16,19,0
2019-08-01,Windsor,2011S0503559,71584.0,,1.75,5.6,1.75,5.7,2019-09-01,78931.0,11.276342001289317,95773.0,68565.0,43901.0,58166.0,75548.33333333333,18562.751960130623,61096.0,-1.0,-1.8369701987210297e-16,19,0
2019-09-01,Hamilton,2011S0503537,127259.0,,1.75,5.5,1.75,5.6,2019-10-01,148472.0,11.908158402512143,127475.0,235353.0,222336.0,156702.0,131397.0,6981.000214868926,81592.0,-0.8660254037844386,0.5000000000000001,20,0
2019-09-01,Kitchener-Cambridge-Waterloo,2011S0503541,144928.0,,1.75,5.5,1.75,5.6,2019-10-01,307781.0,12.637147019144757,184300.0,415077.0,119615.0,97306.0,202653.0,68763.61798945718,146458.0,-0.8660254037844386,0.5000000000000001,20,0
2019-09-01,London,2011S0503555,156930.0,,1.75,5.5,1.75,5.6,2019-10-01,145970.0,11.891163250823908,149460.0,148946.0,109034.0,113820.0,163130.66666666666,17609.731438421462,132874.0,-0.8660254037844386,0.5000000000000001,20,0
2019-09-01,Toronto,2011S0503535,1726670.0,,1.75,5.5,1.75,5.6,2019-10-01,1316912.0,14.090800919317898,1844136.0,1495248.0,1738867.0,1781036.0,1752799.6666666667,81476.97418493917,2237017.0,-0.8660254037844386,0.5000000000000001,20,0
2019-09-01,Windsor,2011S0503559,78931.0,,1.75,5.5,1.75,5.6,2019-10-01,64863.0,11.080048049251726,71584.0,59288.0,38346.0,61096.0,82096.0,12401.203530303015,63954.0,-0.8660254037844386,0.5000000000000001,20,0
2019-10-01,Hamilton,2011S0503537,148472.0,,1.75,5.5,1.75,5.5,2019-11-01,96548.0,11.477805930475213,127259.0,139457.0,98987.0,81592.0,134402.0,12185.45604398949,75561.0,-0.5000000000000004,0.8660254037844384,21,0
2019-10-01,Kitchener-Cambridge-Waterloo,2011S0503541,307781.0,,1.75,5.5,1.75,5.5,2019-11-01,226455.0,12.330305944548563,144928.0,278731.0,142336.0,146458.0,212336.33333333334,84969.41739433863,103629.0,-0.5000000000000004,0.8660254037844384,21,0
2019-10-01,London,2011S0503555,145970.0,,1.75,5.5,1.75,5.5,2019-11-01,136182.0,11.821754848460925,156930.0,183002.0,161129.0,132874.0,150786.66666666666,5599.1457681802485,125177.0,-0.5000000000000004,0.8660254037844384,21,0
2019-10-01,Toronto,2011S0503535,1316912.0,,1.75,5.5,1.75,5.5,2019-11-01,1481558.0,14.208605469704976,1726670.0,1687593.0,1519973.0,2237017.0,1629239.3333333333,276786.6283788529,1760366.0,-0.5000000000000004,0.8660254037844384,21,0
2019-10-01,Windsor,2011S0503559,64863.0,,1.75,5.5,1.75,5.5,2019-11-01,69148.0,11.144018875672359,78931.0,95773.0,97670.0,63954.0,71792.66666666667,7036.320937345974,66672.0,-0.5000000000000004,0.8660254037844384,21,0
2019-11-01,Hamilton,2011S0503537,96548.0,,1.75,5.5,1.75,5.5,2019-12-01,226155.0,12.3289803056175,148472.0,127475.0,165123.0,75561.0,124093.0,26106.380656843263,150624.0,-2.4492935982947064e-16,1.0,22,0
2019-11-01,Kitchener-Cambridge-Waterloo,2011S0503541,226455.0,,1.75,5.5,1.75,5.5,2019-12-01,99805.0,11.510983580732887,307781.0,184300.0,135049.0,103629.0,226388.0,81426.52067354962,187346.0,-2.4492935982947064e-16,1.0,22,0
2019-11-01,London,2011S0503555,136182.0,,1.75,5.5,1.75,5.5,2019-12-01,188481.0,12.146757790594494,145970.0,149460.0,207650.0,125177.0,146360.66666666666,10379.515467175304,152340.0,-2.4492935982947064e-16,1.0,22,0
2019-11-01,Toronto,2011S0503535,1481558.0,,1.75,5.5,1.75,5.5,2019-12-01,1699675.0,14.345948202626905,1316912.0,1844136.0,1657296.0,1760366.0,1508380.0,206191.58422205277,1766593.0,-2.4492935982947064e-16,1.0,22,0
2019-11-01,Windsor,2011S0503559,69148.0,,1.75,5.5,1.75,5.5,2019-12-01,75650.0,11.233885937899789,64863.0,71584.0,68565.0,66672.0,70980.66666666667,7210.83603567113,44551.0,-2.4492935982947064e-16,1.0,22,0
2019-12-01,Hamilton,2011S0503537,226155.0,,1.75,5.2,1.75,5.5,2020-01-01,101449.0,11.527321345253961,96548.0,127259.0,235353.0,150624.0,157058.33333333334,65228.73180074355,150570.0,0.49999999999999994,0.8660254037844387,23,0
2019-12-01,Kitchener-Cambridge-Waterloo,2011S0503541,99805.0,,1.75,5.2,1.75,5.5,2020-01-01,123638.0,11.725121308215932,226455.0,144928.0,415077.0,187346.0,211347.0,104807.8856384385,247721.0,0.49999999999999994,0.8660254037844387,23,0
2019-12-01,London,2011S0503555,188481.0,,1.75,5.2,1.75,5.5,2020-01-01,144476.0,11.880875604315634,136182.0,156930.0,148946.0,152340.0,156877.66666666666,27803.40346672202,109906.0,0.49999999999999994,0.8660254037844387,23,0
2019-12-01,Toronto,2011S0503535,1699675.0,,1.75,5.2,1.75,5.5,2020-01-01,1350716.0,14.116146120536136,1481558.0,1726670.0,1495248.0,1766593.0,1499381.6666666667,192002.97097267324,2061830.0,0.49999999999999994,0.8660254037844387,23,0
2019-12-01,Windsor,2011S0503559,75650.0,,1.75,5.2,1.75,5.5,2020-01-01,89011.0,11.396526471086007,69148.0,78931.0,59288.0,44551.0,69887.0,5431.338048768464,48676.0,0.49999999999999994,0.8660254037844387,23,0
2020-01-01,Hamilton,2011S0503537,101449.0,,1.75,5.2,1.75,5.2,2020-02-01,112522.0,11.630912924175139,226155.0,148472.0,139457.0,150570.0,141384.0,73454.72606306554,96884.0,0.8660254037844386,0.5000000000000001,24,0
2020-01-01,Kitchener-Cambridge-Waterloo,2011S0503541,123638.0,,1.75,5.2,1.75,5.2,2020-02-01,218680.0,12.295369325890377,99805.0,307781.0,278731.0,247721.0,149966.0,67304.7421286197,136087.0,0.8660254037844386,0.5000000000000001,24,0
2020-01-01,London,2011S0503555,144476.0,,1.75,5.2,1.75,5.2,2020-02-01,162814.0,12.000369865898307,188481.0,145970.0,183002.0,109906.0,156379.66666666666,28108.171593565632,138562.0,0.8660254037844386,0.5000000000000001,24,0
2020-01-01,Toronto,2011S0503535,1350716.0,,1.75,5.2,1.75,5.2,2020-02-01,1961486.0,14.489213417028848,1699675.0,1316912.0,1687593.0,2061830.0,1510649.6666666667,176289.07998606493,1782668.0,0.8660254037844386,0.5000000000000001,24,0
2020-01-01,Windsor,2011S0503559,89011.0,,1.75,5.2,1.75,5.2,2020-02-01,67518.0,11.120164318733623,75650.0,64863.0,95773.0,48676.0,77936.33333333333,10126.95326015349,43901.0,0.8660254037844386,0.5000000000000001,24,0
2020-02-01,Hamilton,2011S0503537,112522.0,,1.75,5.6,1.75,5.2,2020-03-01,108744.0,11.59676097088246,101449.0,96548.0,127475.0,96884.0,146708.66666666666,69024.94289989187,222336.0,1.0,6.123233995736766e-17,25,1
2020-02-01,Kitchener-Cambridge-Waterloo,2011S0503541,218680.0,,1.75,5.6,1.75,5.2,2020-03-01,157612.0,11.96789794031367,123638.0,226455.0,184300.0,136087.0,147374.33333333334,62891.78441047231,119615.0,1.0,6.123233995736766e-17,25,1
2020-02-01,London,2011S0503555,162814.0,,1.75,5.6,1.75,5.2,2020-03-01,187080.0,12.139296957132357,144476.0,136182.0,149460.0,138562.0,165257.0,22103.985907523453,109034.0,1.0,6.123233995736766e-17,25,1
2020-02-01,Toronto,2011S0503535,1961486.0,,1.75,5.6,1.75,5.2,2020-03-01,1280570.0,14.062816630175565,1350716.0,1481558.0,1844136.0,1782668.0,1670625.6666666667,306419.47726985824,1738867.0,1.0,6.123233995736766e-17,25,1
2020-02-01,Windsor,2011S0503559,67518.0,,1.75,5.6,1.75,5.2,2020-03-01,117468.0,11.673929747969916,89011.0,69148.0,71584.0,43901.0,77393.0,10851.995162181012,38346.0,1.0,6.123233995736766e-17,25,1
2020-03-01,Hamilton,2011S0503537,108744.0,,0.25,8.5,1.75,5.6,2020-04-01,97420.0,11.486797072140535,112522.0,226155.0,127259.0,222336.0,107571.66666666667,5628.819266358749,98987.0,0.8660254037844387,-0.4999999999999998,26,1
2020-03-01,Kitchener-Cambridge-Waterloo,2011S0503541,157612.0,,0.25,8.5,1.75,5.6,2020-04-01,77762.0,11.261421018637035,218680.0,99805.0,144928.0,119615.0,166643.33333333334,48160.34860062092,142336.0,0.8660254037844387,-0.4999999999999998,26,1
2020-03-01,London,2011S0503555,187080.0,,0.25,8.5,1.75,5.6,2020-04-01,75462.0,11.23139774889025,162814.0,188481.0,156930.0,109034.0,164790.0,21370.62554068073,161129.0,0.8660254037844387,-0.4999999999999998,26,1
2020-03-01,Toronto,2011S0503535,1280570.0,,0.25,8.5,1.75,5.6,2020-04-01,1565370.0,14.263633414564817,1961486.0,1699675.0,1726670.0,1738867.0,1530924.0,374523.4868629734,1519973.0,0.8660254037844387,-0.4999999999999998,26,1
2020-03-01,Windsor,2011S0503559,117468.0,,0.25,8.5,1.75,5.6,2020-04-01,35912.0,10.48885462591948,67518.0,75650.0,78931.0,38346.0,91332.33333333333,25055.779100505606,97670.0,0.8660254037844387,-0.4999999999999998,26,1
2020-04-01,Hamilton,2011S0503537,97420.0,,0.25,12.1,0.25,8.5,2020-05-01,272772.0,12.516395226446196,108744.0,101449.0,148472.0,98987.0,106228.66666666667,7858.929782949546,165123.0,0.49999999999999994,-0.8660254037844387,27,1
2020-04-01,Kitchener-Cambridge-Waterloo,2011S0503541,77762.0,,0.25,12.1,0.25,8.5,2020-05-01,192537.0,12.16804881582605,157612.0,123638.0,307781.0,142336.0,151351.33333333334,70667.30249085024,135049.0,0.49999999999999994,-0.8660254037844387,27,1
2020-04-01,London,2011S0503555,75462.0,,0.25,12.1,0.25,8.5,2020-05-01,169794.0,12.042347106018292,187080.0,144476.0,145970.0,161129.0,141785.33333333334,58705.17947620407,207650.0,0.49999999999999994,-0.8660254037844387,27,1
2020-04-01,Toronto,2011S0503535,1565370.0,,0.25,12.1,0.25,8.5,2020-05-01,2191567.0,14.6001278273352,1280570.0,1350716.0,1316912.0,1519973.0,1602475.3333333333,341971.130485211,1657296.0,0.49999999999999994,-0.8660254037844387,27,1
2020-04-01,Windsor,2011S0503559,35912.0,,0.25,12.1,0.25,8.5,2020-05-01,81712.0,11.310968386917102,117468.0,89011.0,64863.0,97670.0,73632.66666666667,41120.39816603596,68565.0,0.49999999999999994,-0.8660254037844387,27,1
2020-05-01,Hamilton,2011S0503537,272772.0,,0.25,14.2,0.25,12.1,2020-06-01,69331.0,11.146661839061201,97420.0,112522.0,96548.0,165123.0,159645.33333333334,98134.04239780064,235353.0,1.2246467991473532e-16,-1.0,28,1
2020-05-01,Kitchener-Cambridge-Waterloo,2011S0503541,192537.0,,0.25,14.2,0.25,12.1,2020-06-01,111995.0,11.626218435353747,77762.0,218680.0,226455.0,135049.0,142637.0,58834.625221887785,415077.0,1.2246467991473532e-16,-1.0,28,1
2020-05-01,London,2011S0503555,169794.0,,0.25,14.2,0.25,12.1,2020-06-01,248728.0,12.42411922934654,75462.0,162814.0,136182.0,207650.0,144112.0,60077.60251541333,148946.0,1.2246467991473532e-16,-1.0,28,1
2020-05-01,Toronto,2011S0503535,2191567.0,,0.25,14.2,0.25,12.1,2020-06-01,1550901.0,14.254347255120509,1565370.0,1961486.0,1481558.0,1657296.0,1679169.0,466038.1344943778,1495248.0,1.2246467991473532e-16,-1.0,28,1
2020-05-01,Windsor,2011S0503559,81712.0,,0.25,14.2,0.25,12.1,2020-06-01,108133.0,11.591126477764394,35912.0,67518.0,69148.0,68565.0,78364.0,40880.950478187275,59288.0,1.2246467991473532e-16,-1.0,28,1
2020-06-01,Hamilton,2011S0503537,69331.0,,0.25,12.6,0.25,14.2,2020-07-01,55586.0,10.925704639950524,272772.0,108744.0,226155.0,235353.0,146507.66666666666,110246.3576919135,139457.0,-0.4999999999999997,-0.8660254037844388,29,1
2020-06-01,Kitchener-Cambridge-Waterloo,2011S0503541,111995.0,,0.25,12.6,0.25,14.2,2020-07-01,134447.0,11.808932786167999,192537.0,157612.0,99805.0,415077.0,127431.33333333333,58923.98023159439,278731.0,-0.4999999999999997,-0.8660254037844388,29,1
2020-06-01,London,2011S0503555,248728.0,,0.25,12.6,0.25,14.2,2020-07-01,228948.0,12.341254550309815,169794.0,187080.0,188481.0,148946.0,164661.33333333334,86746.95896302837,183002.0,-0.4999999999999997,-0.8660254037844388,29,1
2020-06-01,Toronto,2011S0503535,1550901.0,,0.25,12.6,0.25,14.2,2020-07-01,2157174.0,14.584310053281078,2191567.0,1280570.0,1699675.0,1495248.0,1769279.3333333333,365783.39636229136,1687593.0,-0.4999999999999997,-0.8660254037844388,29,1
2020-06-01,Windsor,2011S0503559,108133.0,,0.25,12.6,0.25,14.2,2020-07-01,83922.0,11.337654990762967,81712.0,117468.0,75650.0,59288.0,75252.33333333333,36541.259971891144,95773.0,-0.4999999999999997,-0.8660254037844388,29,1
2020-07-01,Hamilton,2011S0503537,55586.0,,0.25,11.4,0.25,12.6,2020-08-01,194268.0,12.176999075544416,69331.0,97420.0,101449.0,139457.0,132563.0,121618.88840554332,127475.0,-0.8660254037844385,-0.5000000000000004,30,1
2020-07-01,Kitchener-Cambridge-Waterloo,2011S0503541,134447.0,,0.25,11.4,0.25,12.6,2020-08-01,218076.0,12.292603490416077,111995.0,77762.0,123638.0,278731.0,146326.33333333334,41564.31596133068,184300.0,-0.8660254037844385,-0.5000000000000004,30,1
2020-07-01,London,2011S0503555,228948.0,,0.25,11.4,0.25,12.6,2020-08-01,389630.0,12.872955416373589,248728.0,75462.0,144476.0,183002.0,215823.33333333334,41071.11814077288,149460.0,-0.8660254037844385,-0.5000000000000004,30,1
2020-07-01,Toronto,2011S0503535,2157174.0,,0.25,11.4,0.25,12.6,2020-08-01,2077652.0,14.546749449209377,1550901.0,1565370.0,1350716.0,1687593.0,1966547.3333333333,360370.8165519694,1844136.0,-0.8660254037844385,-0.5000000000000004,30,1
2020-07-01,Windsor,2011S0503559,83922.0,,0.25,11.4,0.25,12.6,2020-08-01,126941.0,11.751485568211372,108133.0,35912.0,89011.0,95773.0,91255.66666666667,14657.909480322693,71584.0,-0.8660254037844385,-0.5000000000000004,30,1
2020-08-01,Hamilton,2011S0503537,194268.0,,0.25,10.4,0.25,11.4,2020-09-01,206167.0,12.236446649385156,55586.0,272772.0,112522.0,127475.0,106395.0,76409.94276270595,127259.0,-1.0,-1.8369701987210297e-16,31,1
2020-08-01,Kitchener-Cambridge-Waterloo,2011S0503541,218076.0,,0.25,10.4,0.25,11.4,2020-09-01,249378.0,12.426729106597875,134447.0,192537.0,218680.0,184300.0,154839.33333333334,55903.31013753416,144928.0,-1.0,-1.8369701987210297e-16,31,1
2020-08-01,London,2011S0503555,389630.0,,0.25,10.4,0.25,11.4,2020-09-01,299739.0,12.610670711198987,228948.0,169794.0,162814.0,149460.0,289102.0,87619.75341211581,156930.0,-1.0,-1.8369701987210297e-16,31,1
2020-08-01,Toronto,2011S0503535,2077652.0,,0.25,10.4,0.25,11.4,2020-09-01,1971443.0,14.494276827128452,2157174.0,2191567.0,1961486.0,1844136.0,1928575.6666666667,329483.76667498075,1726670.0,-1.0,-1.8369701987210297e-16,31,1
2020-08-01,Windsor,2011S0503559,126941.0,,0.25,10.4,0.25,11.4,2020-09-01,84243.0,11.341472629061373,83922.0,81712.0,67518.0,71584.0,106332.0,21565.97530834162,78931.0,-1.0,-1.8369701987210297e-16,31,1
2020-09-01,Hamilton,2011S0503537,206167.0,,0.25,9.6,0.25,10.4,2020-10-01,172694.0,12.059282311775874,194268.0,69331.0,108744.0,127259.0,152007.0,83714.71484153786,148472.0,-0.8660254037844386,0.5000000000000001,32,1
2020-09-01,Kitchener-Cambridge-Waterloo,2011S0503541,249378.0,,0.25,9.6,0.25,10.4,2020-10-01,133400.0,11.801114908687438,218076.0,111995.0,157612.0,144928.0,200633.66666666666,59417.67358567091,307781.0,-0.8660254037844386,0.5000000000000001,32,1
2020-09-01,London,2011S0503555,299739.0,,0.25,9.6,0.25,10.4,2020-10-01,303339.0,12.622609567605387,389630.0,248728.0,187080.0,156930.0,306105.6666666667,80529.97649529838,145970.0,-0.8660254037844386,0.5000000000000001,32,1
2020-09-01,Toronto,2011S0503535,1971443.0,,0.25,9.6,0.25,10.4,2020-10-01,2565225.0,14.757557141867416,2077652.0,1550901.0,1280570.0,1726670.0,2068756.3333333333,93184.49846585597,1316912.0,-0.8660254037844386,0.5000000000000001,32,1
2020-09-01,Windsor,2011S0503559,84243.0,,0.25,9.6,0.25,10.4,2020-10-01,95203.0,11.463777236703498,126941.0,108133.0,117468.0,78931.0,98368.66666666667,24744.88703415988,64863.0,-0.8660254037844386,0.5000000000000001,32,1
2020-10-01,Hamilton,2011S0503537,172694.0,,0.25,9.4,0.25,9.6,2020-11-01,204644.0,12.229032049665085,206167.0,55586.0,97420.0,148472.0,191043.0,16967.937440950212,96548.0,-0.5000000000000004,0.8660254037844384,33,1
2020-10-01,Kitchener-Cambridge-Waterloo,2011S0503541,133400.0,,0.25,9.4,0.25,9.6,2020-11-01,239553.0,12.386534140147228,249378.0,134447.0,77762.0,307781.0,200284.66666666666,60001.023135721065,226455.0,-0.5000000000000004,0.8660254037844384,33,1
2020-10-01,London,2011S0503555,303339.0,,0.25,9.4,0.25,9.6,2020-11-01,361323.0,12.797530341721709,299739.0,228948.0,75462.0,145970.0,330902.6666666667,50891.205137364384,136182.0,-0.5000000000000004,0.8660254037844384,33,1
2020-10-01,Toronto,2011S0503535,2565225.0,,0.25,9.4,0.25,9.6,2020-11-01,1927448.0,14.471707924925603,1971443.0,2157174.0,1565370.0,1316912.0,2204773.3333333335,316645.1340575646,1481558.0,-0.5000000000000004,0.8660254037844384,33,1
2020-10-01,Windsor,2011S0503559,95203.0,,0.25,9.4,0.25,9.6,2020-11-01,105887.0,11.570137210721338,84243.0,83922.0,35912.0,64863.0,102129.0,22175.592618913266,69148.0,-0.5000000000000004,0.8660254037844384,33,1
2020-11-01,Hamilton,2011S0503537,204644.0,,0.25,9.0,0.25,9.4,2020-12-01,156969.0,11.963809983269252,172694.0,194268.0,272772.0,96548.0,194501.66666666666,18901.3392735365,226155.0,-2.4492935982947064e-16,1.0,34,1
2020-11-01,Kitchener-Cambridge-Waterloo,2011S0503541,239553.0,,0.25,9.0,0.25,9.4,2020-12-01,245394.0,12.41062443615325,133400.0,218076.0,192537.0,226455.0,207443.66666666666,64311.59371632253,99805.0,-2.4492935982947064e-16,1.0,34,1
2020-11-01,London,2011S0503555,361323.0,,0.25,9.0,0.25,9.4,2020-12-01,203571.0,12.223775029643178,303339.0,389630.0,169794.0,136182.0,321467.0,34563.21096194584,188481.0,-2.4492935982947064e-16,1.0,34,1
2020-11-01,Toronto,2011S0503535,1927448.0,,0.25,9.0,0.25,9.4,2020-12-01,2252075.0,14.627363015452026,2565225.0,2077652.0,2191567.0,1481558.0,2154705.3333333335,356200.3474820499,1699675.0,-2.4492935982947064e-16,1.0,34,1
2020-11-01,Windsor,2011S0503559,105887.0,,0.25,9.0,0.25,9.4,2020-12-01,79285.0,11.28081684727037,95203.0,126941.0,81712.0,69148.0,95111.0,10822.29328746918,75650.0,-2.4492935982947064e-16,1.0,34,1
2020-12-01,Hamilton,2011S0503537,156969.0,,0.25,9.9,0.25,9.0,2021-01-01,269671.0,12.504961684680037,204644.0,206167.0,69331.0,226155.0,178102.33333333334,24293.290397419067,101449.0,0.49999999999999994,0.8660254037844387,35,1
2020-12-01,Kitchener-Cambridge-Waterloo,2011S0503541,245394.0,,0.25,9.9,0.25,9.0,2021-01-01,214896.0,12.277914122551774,239553.0,249378.0,111995.0,99805.0,206115.66666666666,63041.29959267445,123638.0,0.49999999999999994,0.8660254037844387,35,1
2020-12-01,London,2011S0503555,203571.0,,0.25,9.9,0.25,9.0,2021-01-01,209445.0,12.25222122855615,361323.0,299739.0,248728.0,188481.0,289411.0,79792.95247075382,144476.0,0.49999999999999994,0.8660254037844387,35,1
2020-12-01,Toronto,2011S0503535,2252075.0,,0.25,9.9,0.25,9.0,2021-01-01,2621363.0,14.779205350953575,1927448.0,1971443.0,1550901.0,1699675.0,2248249.3333333335,318905.7105577337,1350716.0,0.49999999999999994,0.8660254037844387,35,1
2020-12-01,Windsor,2011S0503559,79285.0,,0.25,9.9,0.25,9.0,2021-01-01,103043.0,11.542911360460485,105887.0,84243.0,108133.0,75650.0,93458.33333333333,13386.541649482653,89011.0,0.49999999999999994,0.8660254037844387,35,1
2021-01-01,Hamilton,2011S0503537,269671.0,,0.25,10.2,0.25,9.9,2021-02-01,122749.0,11.717905045656767,156969.0,172694.0,55586.0,101449.0,210428.0,56573.193236726525,112522.0,0.8660254037844386,0.5000000000000001,36,1
2021-01-01,Kitchener-Cambridge-Waterloo,2011S0503541,214896.0,,0.25,10.2,0.25,9.9,2021-02-01,231177.0,12.350943255543426,245394.0,133400.0,134447.0,123638.0,233281.0,16187.510277989193,218680.0,0.8660254037844386,0.5000000000000001,36,1
2021-01-01,London,2011S0503555,209445.0,,0.25,10.2,0.25,9.9,2021-02-01,208688.0,12.248600384440952,203571.0,303339.0,228948.0,144476.0,258113.0,89430.72203666918,162814.0,0.8660254037844386,0.5000000000000001,36,1
2021-01-01,Toronto,2011S0503535,2621363.0,,0.25,10.2,0.25,9.9,2021-02-01,1814496.0,14.411318852285866,2252075.0,2565225.0,2157174.0,1350716.0,2266962.0,347196.95258311206,1961486.0,0.8660254037844386,0.5000000000000001,36,1
2021-01-01,Windsor,2011S0503559,103043.0,,0.25,10.2,0.25,9.9,2021-02-01,90530.0,11.413447612470558,79285.0,95203.0,83922.0,89011.0,96071.66666666667,14607.060530213932,67518.0,0.8660254037844386,0.5000000000000001,36,1
2021-02-01,Hamilton,2011S0503537,122749.0,,0.25,9.5,0.25,10.2,2021-03-01,410853.0,12.92599319922529,269671.0,204644.0,194268.0,112522.0,183129.66666666666,76875.24882127754,108744.0,1.0,6.123233995736766e-17,37,1
2021-02-01,Kitchener-Cambridge-Waterloo,2011S0503541,231177.0,,0.25,9.5,0.25,10.2,2021-03-01,222999.0,12.314927050442256,214896.0,239553.0,218076.0,218680.0,230489.0,15260.635930393119,157612.0,1.0,6.123233995736766e-17,37,1
2021-02-01,London,2011S0503555,208688.0,,0.25,9.5,0.25,10.2,2021-03-01,328125.0,12.701152959942428,209445.0,361323.0,389630.0,162814.0,207234.66666666666,3195.3250747509574,187080.0,1.0,6.123233995736766e-17,37,1
2021-02-01,Toronto,2011S0503535,1814496.0,,0.25,9.5,0.25,10.2,2021-03-01,2294629.0,14.64608216843586,2621363.0,1927448.0,2077652.0,1961486.0,2229311.3333333335,403914.87631966855,1280570.0,1.0,6.123233995736766e-17,37,1
2021-02-01,Windsor,2011S0503559,90530.0,,0.25,9.5,0.25,10.2,2021-03-01,103062.0,11.543095730715292,103043.0,105887.0,126941.0,67518.0,90952.66666666667,11884.638249998767,117468.0,1.0,6.123233995736766e-17,37,1
2021-03-01,Hamilton,2011S0503537,410853.0,,0.25,7.8,0.25,9.5,2021-04-01,164231.0,12.009035341300443,122749.0,156969.0,206167.0,108744.0,267757.6666666667,144061.52969246625,97420.0,0.8660254037844387,-0.4999999999999998,38,1
2021-03-01,Kitchener-Cambridge-Waterloo,2011S0503541,222999.0,,0.25,7.8,0.25,9.5,2021-04-01,243895.0,12.404497183905526,231177.0,245394.0,249378.0,157612.0,223024.0,8140.528791178415,77762.0,0.8660254037844387,-0.4999999999999998,38,1
2021-03-01,London,2011S0503555,328125.0,,0.25,7.8,0.25,9.5,2021-04-01,306708.0,12.63365469430825,208688.0,203571.0,299739.0,187080.0,248752.66666666666,68739.49909865014,75462.0,0.8660254037844387,-0.4999999999999998,38,1
2021-03-01,Toronto,2011S0503535,2294629.0,,0.25,7.8,0.25,9.5,2021-04-01,2725845.0,14.818289396612743,1814496.0,2252075.0,1971443.0,1280570.0,2243496.0,405856.53461414145,1565370.0,0.8660254037844387,-0.4999999999999998,38,1
2021-03-01,Windsor,2011S0503559,103062.0,,0.25,7.8,0.25,9.5,2021-04-01,72572.0,11.192348230814178,90530.0,79285.0,84243.0,117468.0,98878.33333333333,7229.874987393194,35912.0,0.8660254037844387,-0.4999999999999998,38,1
2021-04-01,Hamilton,2011S0503537,164231.0,,0.25,9.4,0.25,7.8,2021-05-01,74446.0,11.217842741799934,410853.0,269671.0,172694.0,97420.0,232611.0,155749.3081975005,272772.0,0.49999999999999994,-0.8660254037844387,39,1
2021-04-01,Kitchener-Cambridge-Waterloo,2011S0503541,243895.0,,0.25,9.4,0.25,7.8,2021-05-01,148079.0,11.90550794724738,222999.0,214896.0,133400.0,77762.0,232690.33333333334,10529.878315219943,192537.0,0.49999999999999994,-0.8660254037844387,39,1
2021-04-01,London,2011S0503555,306708.0,,0.25,9.4,0.25,7.8,2021-05-01,223304.0,12.316293828979267,328125.0,209445.0,303339.0,75462.0,281173.6666666667,63681.24430578689,169794.0,0.49999999999999994,-0.8660254037844387,39,1
2021-04-01,Toronto,2011S0503535,2725845.0,,0.25,9.4,0.25,7.8,2021-05-01,1664517.0,14.325046149997021,2294629.0,2621363.0,2565225.0,1565370.0,2278323.3333333335,455893.25068960286,2191567.0,0.49999999999999994,-0.8660254037844387,39,1
2021-04-01,Windsor,2011S0503559,72572.0,,0.25,9.4,0.25,7.8,2021-05-01,55201.0,10.918754463492887,103062.0,103043.0,95203.0,35912.0,88721.33333333333,15325.256321945602,81712.0,0.49999999999999994,-0.8660254037844387,39,1
2021-05-01,Hamilton,2011S0503537,74446.0,,0.25,9.4,0.25,9.4,2021-06-01,267844.0,12.498163733970415,164231.0,122749.0,204644.0,272772.0,216510.0,174190.23449378557,69331.0,1.2246467991473532e-16,-1.0,40,1
2021-05-01,Kitchener-Cambridge-Waterloo,2011S0503541,148079.0,,0.25,9.4,0.25,9.4,2021-06-01,107446.0,11.584752981718113,243895.0,231177.0,239553.0,192537.0,204991.0,50382.46234554245,111995.0,1.2246467991473532e-16,-1.0,40,1
2021-05-01,London,2011S0503555,223304.0,,0.25,9.4,0.25,9.4,2021-06-01,208573.0,12.24804917332033,306708.0,208688.0,361323.0,169794.0,286045.6666666667,55381.03939376106,248728.0,1.2246467991473532e-16,-1.0,40,1
2021-05-01,Toronto,2011S0503535,1664517.0,,0.25,9.4,0.25,9.4,2021-06-01,1985340.0,14.501301245762587,2725845.0,1814496.0,1927448.0,2191567.0,2228330.3333333335,533761.1036759171,1550901.0,1.2246467991473532e-16,-1.0,40,1
2021-05-01,Windsor,2011S0503559,55201.0,,0.25,9.4,0.25,9.4,2021-06-01,44987.0,10.714151066523913,72572.0,90530.0,105887.0,81712.0,76945.0,24228.31354015381,108133.0,1.2246467991473532e-16,-1.0,40,1
2021-06-01,Hamilton,2011S0503537,267844.0,,0.25,8.8,0.25,9.4,2021-07-01,114049.0,11.644392227712535,74446.0,410853.0,156969.0,69331.0,168840.33333333334,96781.35701845336,55586.0,-0.4999999999999997,-0.8660254037844388,41,0
2021-06-01,Kitchener-Cambridge-Waterloo,2011S0503541,107446.0,,0.25,8.8,0.25,9.4,2021-07-01,128659.0,11.764928544964992,148079.0,222999.0,245394.0,111995.0,166473.33333333334,70059.5890962353,134447.0,-0.4999999999999997,-0.8660254037844388,41,0
2021-06-01,London,2011S0503555,208573.0,,0.25,8.8,0.25,9.4,2021-07-01,143075.0,11.871131236594133,223304.0,328125.0,203571.0,248728.0,246195.0,52920.86513843089,228948.0,-0.4999999999999997,-0.8660254037844388,41,0
2021-06-01,Toronto,2011S0503535,1985340.0,,0.25,8.8,0.25,9.4,2021-07-01,2211152.0,14.60902465690267,1664517.0,2294629.0,2252075.0,1550901.0,2125234.0,544317.9487422768,2157174.0,-0.4999999999999997,-0.8660254037844388,41,0
2021-06-01,Windsor,2011S0503559,44987.0,,0.25,8.8,0.25,9.4,2021-07-01,65542.0,11.090461694778618,55201.0,103062.0,79285.0,108133.0,57586.666666666664,13946.383414108966,83922.0,-0.4999999999999997,-0.8660254037844388,41,0
2021-07-01,Hamilton,2011S0503537,114049.0,,0.25,7.9,0.25,8.8,2021-08-01,108239.0,11.59210626284467,267844.0,164231.0,269671.0,55586.0,152113.0,102163.33820407397,194268.0,-0.8660254037844385,-0.5000000000000004,42,0
2021-07-01,Kitchener-Cambridge-Waterloo,2011S0503541,128659.0,,0.25,7.9,0.25,8.8,2021-08-01,160231.0,11.984378043981069,107446.0,243895.0,214896.0,134447.0,128061.33333333333,20323.09219418459,218076.0,-0.8660254037844385,-0.5000000000000004,42,0
2021-07-01,London,2011S0503555,143075.0,,0.25,7.9,0.25,8.8,2021-08-01,126388.0,11.747119731591516,208573.0,306708.0,209445.0,228948.0,191650.66666666666,42707.694088224154,389630.0,-0.8660254037844385,-0.5000000000000004,42,0
2021-07-01,Toronto,2011S0503535,2211152.0,,0.25,7.9,0.25,8.8,2021-08-01,1546885.0,14.251754435825019,1985340.0,2725845.0,2621363.0,2157174.0,1953669.6666666667,274690.213361039,2077652.0,-0.8660254037844385,-0.5000000000000004,42,0
2021-07-01,Windsor,2011S0503559,65542.0,,0.25,7.9,0.25,8.8,2021-08-01,56283.0,10.938165581908146,44987.0,72572.0,103043.0,83922.0,55243.333333333336,10277.565389397121,126941.0,-0.8660254037844385,-0.5000000000000004,42,0
2021-08-01,Hamilton,2011S0503537,108239.0,,0.25,7.7,0.25,7.9,2021-09-01,91897.0,11.428434545321329,114049.0,74446.0,122749.0,194268.0,163377.33333333334,90517.41466885437,206167.0,-1.0,-1.8369701987210297e-16,43,0
2021-08-01,Kitchener-Cambridge-Waterloo,2011S0503541,160231.0,,0.25,7.7,0.25,7.9,2021-09-01,141806.0,11.862222257164982,128659.0,148079.0,231177.0,218076.0,132112.0,26561.371632504113,249378.0,-1.0,-1.8369701987210297e-16,43,0
2021-08-01,London,2011S0503555,126388.0,,0.25,7.7,0.25,7.9,2021-09-01,207621.0,12.243474397684174,143075.0,223304.0,208688.0,389630.0,159345.33333333334,43441.182837640874,299739.0,-1.0,-1.8369701987210297e-16,43,0
2021-08-01,Toronto,2011S0503535,1546885.0,,0.25,7.7,0.25,7.9,2021-09-01,1980434.0,14.49882707551057,2211152.0,1664517.0,1814496.0,2077652.0,1914459.0,337758.4180194474,1971443.0,-1.0,-1.8369701987210297e-16,43,0
2021-08-01,Windsor,2011S0503559,56283.0,,0.25,7.7,0.25,7.9,2021-09-01,102261.0,11.535293426432174,65542.0,55201.0,90530.0,126941.0,55604.0,10294.308476046377,84243.0,-1.0,-1.8369701987210297e-16,43,0
2021-09-01,Hamilton,2011S0503537,91897.0,,0.25,7.4,0.25,7.7,2021-10-01,222436.0,12.3123991944276,108239.0,267844.0,410853.0,206167.0,104728.33333333333,11485.702474525995,172694.0,-0.8660254037844386,0.5000000000000001,44,0
2021-09-01,Kitchener-Cambridge-Waterloo,2011S0503541,141806.0,,0.25,7.4,0.25,7.7,2021-10-01,111449.0,11.621331338814015,160231.0,107446.0,222999.0,249378.0,143565.33333333334,15859.358005081085,133400.0,-0.8660254037844386,0.5000000000000001,44,0
2021-09-01,London,2011S0503555,207621.0,,0.25,7.4,0.25,7.7,2021-10-01,161637.0,11.993114545940905,126388.0,208573.0,328125.0,299739.0,159028.0,42901.9082209639,303339.0,-0.8660254037844386,0.5000000000000001,44,0
2021-09-01,Toronto,2011S0503535,1980434.0,,0.25,7.4,0.25,7.7,2021-10-01,1987630.0,14.502454035288212,1546885.0,1985340.0,2294629.0,1971443.0,1912823.6666666667,337255.14036458085,2565225.0,-0.8660254037844386,0.5000000000000001,44,0
2021-09-01,Windsor,2011S0503559,102261.0,,0.25,7.4,0.25,7.7,2021-10-01,88615.0,11.39206770719677,56283.0,44987.0,103062.0,84243.0,74695.33333333333,24317.313879894995,95203.0,-0.8660254037844386,0.5000000000000001,44,0
2021-10-01,Hamilton,2011S0503537,222436.0,,0.25,6.7,0.25,7.4,2021-11-01,95324.0,11.465047384725764,91897.0,114049.0,164231.0,172694.0,140857.33333333334,71120.14048308208,204644.0,-0.5000000000000004,0.8660254037844384,45,0
2021-10-01,Kitchener-Cambridge-Waterloo,2011S0503541,111449.0,,0.25,6.7,0.25,7.4,2021-11-01,158072.0,11.970812230624727,141806.0,128659.0,243895.0,133400.0,137828.66666666666,24633.011718694266,239553.0,-0.5000000000000004,0.8660254037844384,45,0
2021-10-01,London,2011S0503555,161637.0,,0.25,6.7,0.25,7.4,2021-11-01,116511.0,11.66574955097516,207621.0,143075.0,306708.0,303339.0,165215.33333333334,40734.54828930035,361323.0,-0.5000000000000004,0.8660254037844384,45,0
2021-10-01,Toronto,2011S0503535,1987630.0,,0.25,6.7,0.25,7.4,2021-11-01,2017726.0,14.517482188286316,1980434.0,2211152.0,2725845.0,2565225.0,1838316.3333333333,252412.5831656044,1927448.0,-0.5000000000000004,0.8660254037844384,45,0
2021-10-01,Windsor,2011S0503559,88615.0,,0.25,6.7,0.25,7.4,2021-11-01,86934.0,11.37291599196189,102261.0,65542.0,72572.0,95203.0,82386.33333333333,23613.37200260339,105887.0,-0.5000000000000004,0.8660254037844384,45,0
2021-11-01,Hamilton,2011S0503537,95324.0,,0.25,6.5,0.25,6.7,2021-12-01,129076.0,11.768164404495131,222436.0,108239.0,74446.0,204644.0,136552.33333333334,74397.17220656529,156969.0,-2.4492935982947064e-16,1.0,46,0
2021-11-01,Kitchener-Cambridge-Waterloo,2011S0503541,158072.0,,0.25,6.5,0.25,6.7,2021-12-01,156537.0,11.96105407099,111449.0,160231.0,148079.0,239553.0,137109.0,23663.73573635396,245394.0,-2.4492935982947064e-16,1.0,46,0
2021-11-01,London,2011S0503555,116511.0,,0.25,6.5,0.25,6.7,2021-12-01,194371.0,12.177529127712928,161637.0,126388.0,223304.0,361323.0,161923.0,45555.67332396712,203571.0,-2.4492935982947064e-16,1.0,46,0
2021-11-01,Toronto,2011S0503535,2017726.0,,0.25,6.5,0.25,6.7,2021-12-01,1423871.0,14.168890479273472,1987630.0,1546885.0,1664517.0,1927448.0,1995263.3333333333,19783.178443646684,2252075.0,-2.4492935982947064e-16,1.0,46,0
2021-11-01,Windsor,2011S0503559,86934.0,,0.25,6.5,0.25,6.7,2021-12-01,84780.0,11.34782674007179,88615.0,56283.0,55201.0,105887.0,92603.33333333333,8405.91067840563,79285.0,-2.4492935982947064e-16,1.0,46,0
2021-12-01,Hamilton,2011S0503537,129076.0,,0.25,6.3,0.25,6.5,2022-01-01,84948.0,11.349806355400421,95324.0,91897.0,267844.0,156969.0,148945.33333333334,65844.19443909486,269671.0,0.49999999999999994,0.8660254037844387,47,0
2021-12-01,Kitchener-Cambridge-Waterloo,2011S0503541,156537.0,,0.25,6.3,0.25,6.5,2022-01-01,103310.0,11.545499135401716,158072.0,141806.0,107446.0,245394.0,142019.33333333334,26485.807828596233,214896.0,0.49999999999999994,0.8660254037844387,47,0
2021-12-01,London,2011S0503555,194371.0,,0.25,6.3,0.25,6.5,2022-01-01,211706.0,12.262958522235252,116511.0,207621.0,208573.0,203571.0,157506.33333333334,39094.01111849928,209445.0,0.49999999999999994,0.8660254037844387,47,0
2021-12-01,Toronto,2011S0503535,1423871.0,,0.25,6.3,0.25,6.5,2022-01-01,1705842.0,14.349569974662922,2017726.0,1980434.0,1985340.0,2252075.0,1809742.3333333333,334513.01427647495,2621363.0,0.49999999999999994,0.8660254037844387,47,0
2021-12-01,Windsor,2011S0503559,84780.0,,0.25,6.3,0.25,6.5,2022-01-01,120616.0,11.700375515198413,86934.0,102261.0,44987.0,79285.0,86776.33333333333,1922.3554128552148,103043.0,0.49999999999999994,0.8660254037844387,47,0
2022-01-01,Hamilton,2011S0503537,84948.0,,0.25,7.4,0.25,6.3,2022-02-01,93723.0,11.448109572035323,129076.0,222436.0,114049.0,269671.0,103116.0,23072.852966202478,122749.0,0.8660254037844386,0.5000000000000001,48,0
2022-01-01,Kitchener-Cambridge-Waterloo,2011S0503541,103310.0,,0.25,7.4,0.25,6.3,2022-02-01,117480.0,11.674031897363493,156537.0,111449.0,128659.0,214896.0,139306.33333333334,31183.185634782876,231177.0,0.8660254037844386,0.5000000000000001,48,0
2022-01-01,London,2011S0503555,211706.0,,0.25,7.4,0.25,6.3,2022-02-01,177831.0,12.088594563370746,194371.0,161637.0,143075.0,209445.0,174196.0,50703.00755379318,208688.0,0.8660254037844386,0.5000000000000001,48,0
2022-01-01,Toronto,2011S0503535,1705842.0,,0.25,7.4,0.25,6.3,2022-02-01,1605836.0,14.289155673941924,1423871.0,1987630.0,2211152.0,2621363.0,1715813.0,297053.03547851485,1814496.0,0.8660254037844386,0.5000000000000001,48,0
2022-01-01,Windsor,2011S0503559,120616.0,,0.25,7.4,0.25,6.3,2022-02-01,100881.0,11.521706795977567,84780.0,88615.0,65542.0,103043.0,97443.33333333333,20096.997022772677,90530.0,0.8660254037844386,0.5000000000000001,48,0
2022-02-01,Hamilton,2011S0503537,93723.0,,0.25,5.7,0.25,7.4,2022-03-01,116159.0,11.662723830058622,84948.0,95324.0,108239.0,122749.0,102582.33333333333,23359.92158234552,410853.0,1.0,6.123233995736766e-17,49,0
2022-02-01,Kitchener-Cambridge-Waterloo,2011S0503541,117480.0,,0.25,5.7,0.25,7.4,2022-03-01,160838.0,11.988159143633016,103310.0,158072.0,160231.0,231177.0,125775.66666666667,27566.13767529516,222999.0,1.0,6.123233995736766e-17,49,0
2022-02-01,London,2011S0503555,177831.0,,0.25,5.7,0.25,7.4,2022-03-01,130374.0,11.778170192303074,211706.0,116511.0,126388.0,208688.0,194636.0,16939.054725692415,328125.0,1.0,6.123233995736766e-17,49,0
2022-02-01,Toronto,2011S0503535,1605836.0,,0.25,5.7,0.25,7.4,2022-03-01,1794192.0,14.400065896639449,1705842.0,2017726.0,1546885.0,1814496.0,1578516.3333333333,142956.9318023199,2294629.0,1.0,6.123233995736766e-17,49,0
2022-02-01,Windsor,2011S0503559,100881.0,,0.25,5.7,0.25,7.4,2022-03-01,124340.0,11.7307830702552,120616.0,86934.0,56283.0,90530.0,102092.33333333333,17948.682969324906,103062.0,1.0,6.123233995736766e-17,49,0
2022-03-01,Hamilton,2011S0503537,116159.0,,0.5,5.4,0.25,5.7,2022-04-01,183925.0,12.122288781784462,93723.0,129076.0,91897.0,410853.0,98276.66666666667,16096.072202041474,164231.0,0.8660254037844387,-0.4999999999999998,50,0
2022-03-01,Kitchener-Cambridge-Waterloo,2011S0503541,160838.0,,0.5,5.4,0.25,5.7,2022-04-01,163031.0,12.001701779539248,117480.0,156537.0,141806.0,222999.0,127209.33333333333,29972.69826581063,243895.0,0.8660254037844387,-0.4999999999999998,50,0
2022-03-01,London,2011S0503555,130374.0,,0.5,5.4,0.25,5.7,2022-04-01,115184.0,11.654294810432754,177831.0,194371.0,207621.0,328125.0,173303.66666666666,40854.572771396604,306708.0,0.8660254037844387,-0.4999999999999998,50,0
2022-03-01,Toronto,2011S0503535,1794192.0,,0.5,5.4,0.25,5.7,2022-04-01,1207186.0,14.003803417656785,1605836.0,1423871.0,1980434.0,2294629.0,1701956.6666666667,94238.08967361946,2725845.0,0.8660254037844387,-0.4999999999999998,50,0
2022-03-01,Windsor,2011S0503559,124340.0,,0.5,5.4,0.25,5.7,2022-04-01,147856.0,11.904000869442251,100881.0,84780.0,102261.0,103062.0,115279.0,12607.29340500968,72572.0,0.8660254037844387,-0.4999999999999998,50,0
2022-04-01,Hamilton,2011S0503537,183925.0,,1.0,5.6,0.5,5.4,2022-05-01,259976.0,12.468348444546251,116159.0,84948.0,222436.0,164231.0,131269.0,46960.98674431785,74446.0,0.49999999999999994,-0.8660254037844387,51,0
2022-04-01,Kitchener-Cambridge-Waterloo,2011S0503541,163031.0,,1.0,5.6,0.5,5.4,2022-05-01,152960.0,11.937938265920762,160838.0,103310.0,111449.0,243895.0,147116.33333333334,25689.229305943205,148079.0,0.49999999999999994,-0.8660254037844387,51,0
2022-04-01,London,2011S0503555,115184.0,,1.0,5.6,0.5,5.4,2022-05-01,126807.0,11.750429410477729,130374.0,211706.0,161637.0,306708.0,141129.66666666666,32679.120648104166,223304.0,0.49999999999999994,-0.8660254037844387,51,0
2022-04-01,Toronto,2011S0503535,1207186.0,,1.0,5.6,0.5,5.4,2022-05-01,1227953.0,14.02085992770422,1794192.0,1705842.0,1987630.0,2725845.0,1535738.0,299715.378671165,1664517.0,0.49999999999999994,-0.8660254037844387,51,0
2022-04-01,Windsor,2011S0503559,147856.0,,1.0,5.6,0.5,5.4,2022-05-01,122858.0,11.718792635339197,124340.0,120616.0,88615.0,72572.0,124359.0,23487.505763703404,55201.0,0.49999999999999994,-0.8660254037844387,51,0
2022-05-01,Hamilton,2011S0503537,259976.0,,1.0,5.4,1.0,5.6,2022-06-01,112346.0,11.629347574987271,183925.0,93723.0,95324.0,74446.0,186686.66666666666,71948.26248307407,267844.0,1.2246467991473532e-16,-1.0,52,0
2022-05-01,Kitchener-Cambridge-Waterloo,2011S0503541,152960.0,,1.0,5.4,1.0,5.6,2022-06-01,186774.0,12.137659962844001,163031.0,117480.0,158072.0,148079.0,158943.0,5296.180604926484,107446.0,1.2246467991473532e-16,-1.0,52,0
2022-05-01,London,2011S0503555,126807.0,,1.0,5.4,1.0,5.6,2022-06-01,113532.0,11.639848822543003,115184.0,177831.0,116511.0,223304.0,124121.66666666667,7943.065298318526,208573.0,1.2246467991473532e-16,-1.0,52,0
2022-05-01,Toronto,2011S0503535,1227953.0,,1.0,5.4,1.0,5.6,2022-06-01,1729792.0,14.363512306135759,1207186.0,1605836.0,2017726.0,1664517.0,1409777.0,333075.0459596152,1985340.0,1.2246467991473532e-16,-1.0,52,0
2022-05-01,Windsor,2011S0503559,122858.0,,1.0,5.4,1.0,5.6,2022-06-01,133007.0,11.79816455577087,147856.0,100881.0,86934.0,55201.0,131684.66666666666,14024.375113827135,44987.0,1.2246467991473532e-16,-1.0,52,0
2022-06-01,Hamilton,2011S0503537,112346.0,,1.5,5.1,1.0,5.4,2022-07-01,118947.0,11.686441701802444,259976.0,116159.0,129076.0,267844.0,185415.66666666666,73826.28793548627,114049.0,-0.4999999999999997,-0.8660254037844388,53,0
2022-06-01,Kitchener-Cambridge-Waterloo,2011S0503541,186774.0,,1.5,5.1,1.0,5.4,2022-07-01,113090.0,11.63594808334109,152960.0,160838.0,156537.0,107446.0,167588.33333333334,17361.555642664454,128659.0,-0.4999999999999997,-0.8660254037844388,53,0
2022-06-01,London,2011S0503555,113532.0,,1.5,5.1,1.0,5.4,2022-07-01,191184.0,12.160996824639083,126807.0,130374.0,194371.0,208573.0,118507.66666666667,7234.740930631399,143075.0,-0.4999999999999997,-0.8660254037844388,53,0
2022-06-01,Toronto,2011S0503535,1729792.0,,1.5,5.1,1.0,5.4,2022-07-01,1069430.0,13.88263728929431,1227953.0,1794192.0,1423871.0,1985340.0,1388310.3333333333,295914.03071556636,2211152.0,-0.4999999999999997,-0.8660254037844388,53,0
2022-06-01,Windsor,2011S0503559,133007.0,,1.5,5.1,1.0,5.4,2022-07-01,83846.0,11.336748988435987,122858.0,124340.0,84780.0,44987.0,134573.66666666666,12572.423566414467,65542.0,-0.4999999999999997,-0.8660254037844388,53,0
2022-07-01,Hamilton,2011S0503537,118947.0,,2.5,5.1,1.5,5.1,2022-08-01,83529.0,11.332961127749952,112346.0,183925.0,84948.0,114049.0,163756.33333333334,83394.0135161591,108239.0,-0.8660254037844385,-0.5000000000000004,54,0
2022-07-01,Kitchener-Cambridge-Waterloo,2011S0503541,113090.0,,2.5,5.1,1.5,5.1,2022-08-01,119696.0,11.69271882857535,186774.0,163031.0,103310.0,128659.0,150941.33333333334,36883.45462850967,160231.0,-0.8660254037844385,-0.5000000000000004,54,0
2022-07-01,London,2011S0503555,191184.0,,2.5,5.1,1.5,5.1,2022-08-01,142601.0,11.867812812109422,113532.0,115184.0,211706.0,143075.0,143841.0,41534.03595847644,126388.0,-0.8660254037844385,-0.5000000000000004,54,0
2022-07-01,Toronto,2011S0503535,1069430.0,,2.5,5.1,1.5,5.1,2022-08-01,2031578.0,14.524323881175354,1729792.0,1207186.0,1705842.0,2211152.0,1342391.6666666667,344734.171619718,1546885.0,-0.8660254037844385,-0.5000000000000004,54,0
2022-07-01,Windsor,2011S0503559,83846.0,,2.5,5.1,1.5,5.1,2022-08-01,84474.0,11.34421091158249,133007.0,147856.0,120616.0,65542.0,113237.0,25954.261904357823,56283.0,-0.8660254037844385,-0.5000000000000004,54,0
2022-08-01,Hamilton,2011S0503537,83529.0,,2.5,5.4,2.5,5.1,2022-09-01,137908.0,11.8343493263363,118947.0,259976.0,93723.0,108239.0,104940.66666666667,18834.487047258135,91897.0,-1.0,-1.8369701987210297e-16,55,0
2022-08-01,Kitchener-Cambridge-Waterloo,2011S0503541,119696.0,,2.5,5.4,2.5,5.1,2022-09-01,82780.0,11.32395384544237,113090.0,152960.0,117480.0,160231.0,139853.33333333334,40768.51149273579,141806.0,-1.0,-1.8369701987210297e-16,55,0
2022-08-01,London,2011S0503555,142601.0,,2.5,5.4,2.5,5.1,2022-09-01,93957.0,11.450603152892837,191184.0,126807.0,177831.0,126388.0,149105.66666666666,39232.52849783385,207621.0,-1.0,-1.8369701987210297e-16,55,0
2022-08-01,Toronto,2011S0503535,2031578.0,,2.5,5.4,2.5,5.1,2022-09-01,1018571.0,13.833912204344825,1069430.0,1227953.0,1605836.0,1546885.0,1610266.6666666667,492084.26357416995,1980434.0,-1.0,-1.8369701987210297e-16,55,0
2022-08-01,Windsor,2011S0503559,84474.0,,2.5,5.4,2.5,5.1,2022-09-01,56413.0,10.940472633633293,83846.0,122858.0,100881.0,56283.0,100442.33333333333,28203.576587612653,102261.0,-1.0,-1.8369701987210297e-16,55,0
2022-09-01,Hamilton,2011S0503537,137908.0,,3.25,5.5,2.5,5.4,2022-10-01,101583.0,11.52864132141023,83529.0,112346.0,116159.0,91897.0,113461.33333333333,27601.4187014605,222436.0,-0.8660254037844386,0.5000000000000001,56,0
2022-09-01,Kitchener-Cambridge-Waterloo,2011S0503541,82780.0,,3.25,5.5,2.5,5.4,2022-10-01,151633.0,11.929225001450996,119696.0,186774.0,160838.0,141806.0,105188.66666666667,19685.554737759492,111449.0,-0.8660254037844386,0.5000000000000001,56,0
2022-09-01,London,2011S0503555,93957.0,,3.25,5.5,2.5,5.4,2022-10-01,100890.0,11.521796005138416,142601.0,113532.0,130374.0,207621.0,142580.66666666666,48613.50318927188,161637.0,-0.8660254037844386,0.5000000000000001,56,0
2022-09-01,Toronto,2011S0503535,1018571.0,,3.25,5.5,2.5,5.4,2022-10-01,688349.0,13.44205270849109,2031578.0,1729792.0,1794192.0,1980434.0,1373193.0,570744.9216935704,1987630.0,-0.8660254037844386,0.5000000000000001,56,0
2022-09-01,Windsor,2011S0503559,56413.0,,3.25,5.5,2.5,5.4,2022-10-01,55821.0,10.929923335900263,84474.0,133007.0,124340.0,102261.0,74911.0,16022.814952435721,88615.0,-0.8660254037844386,0.5000000000000001,56,0
2022-10-01,Hamilton,2011S0503537,101583.0,,3.75,5.5,3.25,5.5,2022-11-01,111121.0,11.618383975826369,137908.0,118947.0,183925.0,222436.0,107673.33333333333,27696.3540982082,95324.0,-0.5000000000000004,0.8660254037844384,57,0
2022-10-01,Kitchener-Cambridge-Waterloo,2011S0503541,151633.0,,3.75,5.5,3.25,5.5,2022-11-01,139563.0,11.846278556397573,82780.0,113090.0,163031.0,111449.0,118036.33333333333,34456.491004356896,158072.0,-0.5000000000000004,0.8660254037844384,57,0
2022-10-01,London,2011S0503555,100890.0,,3.75,5.5,3.25,5.5,2022-11-01,140300.0,11.8515453936489,93957.0,191184.0,115184.0,161637.0,112482.66666666667,26312.58490405977,116511.0,-0.5000000000000004,0.8660254037844384,57,0
2022-10-01,Toronto,2011S0503535,688349.0,,3.75,5.5,3.25,5.5,2022-11-01,1395316.0,14.148632187565841,1018571.0,1069430.0,1207186.0,1987630.0,1246166.0,699939.7471418522,2017726.0,-0.5000000000000004,0.8660254037844384,57,0
2022-10-01,Windsor,2011S0503559,55821.0,,3.75,5.5,3.25,5.5,2022-11-01,70473.0,11.162999126452767,56413.0,83846.0,147856.0,88615.0,65569.33333333333,16374.597165528396,86934.0,-0.5000000000000004,0.8660254037844384,57,0
2022-11-01,Hamilton,2011S0503537,111121.0,,3.75,5.6,3.75,5.5,2022-12-01,87613.0,11.380696081506649,101583.0,83529.0,259976.0,95324.0,116870.66666666667,18832.695142579385,129076.0,-2.4492935982947064e-16,1.0,58,0
2022-11-01,Kitchener-Cambridge-Waterloo,2011S0503541,139563.0,,3.75,5.6,3.75,5.5,2022-12-01,83888.0,11.337249775397376,151633.0,119696.0,152960.0,158072.0,124658.66666666667,36766.67331066721,156537.0,-2.4492935982947064e-16,1.0,58,0
2022-11-01,London,2011S0503555,140300.0,,3.75,5.6,3.75,5.5,2022-12-01,89516.0,11.402183830359922,100890.0,142601.0,126807.0,116511.0,111715.66666666667,24996.293851956423,194371.0,-2.4492935982947064e-16,1.0,58,0
2022-11-01,Toronto,2011S0503535,1395316.0,,3.75,5.6,3.75,5.5,2022-12-01,1745520.0,14.37256363639155,688349.0,2031578.0,1227953.0,2017726.0,1034078.6666666666,353738.5341835594,1423871.0,-2.4492935982947064e-16,1.0,58,0
2022-11-01,Windsor,2011S0503559,70473.0,,3.75,5.6,3.75,5.5,2022-12-01,71586.0,11.178668772218144,55821.0,84474.0,122858.0,86934.0,60902.333333333336,8293.724213725114,84780.0,-2.4492935982947064e-16,1.0,58,0
2022-12-01,Hamilton,2011S0503537,87613.0,,4.25,5.3,3.75,5.6,2023-01-01,58197.0,10.971606268867896,111121.0,137908.0,112346.0,129076.0,100105.66666666667,11823.425955844397,84948.0,0.49999999999999994,0.8660254037844387,59,0
2022-12-01,Kitchener-Cambridge-Waterloo,2011S0503541,83888.0,,4.25,5.3,3.75,5.6,2023-01-01,97331.0,11.485883093858344,139563.0,82780.0,186774.0,156537.0,125028.0,36135.79838608793,103310.0,0.49999999999999994,0.8660254037844387,59,0
2022-12-01,London,2011S0503555,89516.0,,4.25,5.3,3.75,5.6,2023-01-01,61386.0,11.024953365333674,140300.0,93957.0,113532.0,194371.0,110235.33333333333,26650.611725312327,211706.0,0.49999999999999994,0.8660254037844387,59,0
2022-12-01,Toronto,2011S0503535,1745520.0,,4.25,5.3,3.75,5.6,2023-01-01,1404002.0,14.154838000317747,1395316.0,1018571.0,1729792.0,1423871.0,1276395.0,538525.1006137038,1705842.0,0.49999999999999994,0.8660254037844387,59,0
2022-12-01,Windsor,2011S0503559,71586.0,,4.25,5.3,3.75,5.6,2023-01-01,47706.0,10.772833416633738,70473.0,56413.0,133007.0,84780.0,65960.0,8798.248859858262,120616.0,0.49999999999999994,0.8660254037844387,59,0
2023-01-01,Hamilton,2011S0503537,58197.0,,4.5,5.3,4.25,5.3,2023-02-01,99744.0,11.510372208182511,87613.0,101583.0,118947.0,84948.0,85643.66666666667,26516.903087150593,93723.0,0.8660254037844386,0.5000000000000001,60,0
2023-01-01,Kitchener-Cambridge-Waterloo,2011S0503541,97331.0,,4.5,5.3,4.25,5.3,2023-02-01,97508.0,11.487699960418153,83888.0,151633.0,113090.0,103310.0,106927.33333333333,29051.56822502574,117480.0,0.8660254037844386,0.5000000000000001,60,0
2023-01-01,London,2011S0503555,61386.0,,4.5,5.3,4.25,5.3,2023-02-01,73103.0,11.199638363803052,89516.0,100890.0,191184.0,211706.0,97067.33333333333,39995.27253730568,177831.0,0.8660254037844386,0.5000000000000001,60,0
2023-01-01,Toronto,2011S0503535,1404002.0,,4.5,5.3,4.25,5.3,2023-02-01,1438851.0,14.179356131379329,1745520.0,688349.0,1069430.0,1705842.0,1514946.0,199730.1648624961,1605836.0,0.8660254037844386,0.5000000000000001,60,0
2023-01-01,Windsor,2011S0503559,47706.0,,4.5,5.3,4.25,5.3,2023-02-01,30841.0,10.3366326764176,71586.0,55821.0,83846.0,120616.0,63255.0,13477.323287656083,100881.0,0.8660254037844386,0.5000000000000001,60,0
2023-02-01,Hamilton,2011S0503537,99744.0,,4.5,5.2,4.5,5.3,2023-03-01,122244.0,11.713782506705199,58197.0,111121.0,83529.0,93723.0,81851.33333333333,21364.36061138589,116159.0,1.0,6.123233995736766e-17,61,0
2023-02-01,Kitchener-Cambridge-Waterloo,2011S0503541,97508.0,,4.5,5.2,4.5,5.3,2023-03-01,107626.0,11.586426824600343,97331.0,139563.0,119696.0,117480.0,92909.0,7812.916420901309,160838.0,1.0,6.123233995736766e-17,61,0
2023-02-01,London,2011S0503555,73103.0,,4.5,5.2,4.5,5.3,2023-03-01,69984.0,11.156036212354746,61386.0,140300.0,142601.0,177831.0,74668.33333333333,14130.177859226103,130374.0,1.0,6.123233995736766e-17,61,0
2023-02-01,Toronto,2011S0503535,1438851.0,,4.5,5.2,4.5,5.3,2023-03-01,1714569.0,14.354672878281468,1404002.0,1395316.0,2031578.0,1605836.0,1529457.6666666667,187925.01726575207,1794192.0,1.0,6.123233995736766e-17,61,0
2023-02-01,Windsor,2011S0503559,30841.0,,4.5,5.2,4.5,5.3,2023-03-01,33339.0,10.414513156304785,47706.0,70473.0,84474.0,100881.0,50044.333333333336,20472.899363141743,124340.0,1.0,6.123233995736766e-17,61,0
2023-03-01,Hamilton,2011S0503537,122244.0,,4.5,5.3,4.5,5.2,2023-04-01,120477.0,11.69922244263033,99744.0,87613.0,137908.0,116159.0,93395.0,32492.10524111976,183925.0,0.8660254037844387,-0.4999999999999998,62,0
2023-03-01,Kitchener-Cambridge-Waterloo,2011S0503541,107626.0,,4.5,5.3,4.5,5.2,2023-04-01,128997.0,11.767552179347653,97508.0,83888.0,82780.0,160838.0,100821.66666666667,5893.390054401966,163031.0,0.8660254037844387,-0.4999999999999998,62,0
2023-03-01,London,2011S0503555,69984.0,,4.5,5.3,4.5,5.2,2023-04-01,84202.0,11.340985829049385,73103.0,89516.0,93957.0,130374.0,68157.66666666667,6068.248703980838,115184.0,0.8660254037844387,-0.4999999999999998,62,0
2023-03-01,Toronto,2011S0503535,1714569.0,,4.5,5.3,4.5,5.2,2023-04-01,1253456.0,14.041415892043148,1438851.0,1745520.0,1018571.0,1794192.0,1519140.6666666667,170140.49577432533,1207186.0,0.8660254037844387,-0.4999999999999998,62,0
2023-03-01,Windsor,2011S0503559,33339.0,,4.5,5.3,4.5,5.2,2023-04-01,45022.0,10.714928749290774,30841.0,71586.0,56413.0,124340.0,37295.333333333336,9102.004522814126,147856.0,0.8660254037844387,-0.4999999999999998,62,0
2023-04-01,Hamilton,2011S0503537,120477.0,,4.5,5.0,4.5,5.3,2023-05-01,194999.0,12.180754837545884,122244.0,58197.0,101583.0,183925.0,114155.0,12511.525206784328,259976.0,0.49999999999999994,-0.8660254037844387,63,0
2023-04-01,Kitchener-Cambridge-Waterloo,2011S0503541,128997.0,,4.5,5.0,4.5,5.3,2023-05-01,270488.0,12.507986711007431,107626.0,97331.0,151633.0,163031.0,111377.0,16076.12456408548,152960.0,0.49999999999999994,-0.8660254037844387,63,0
2023-04-01,London,2011S0503555,84202.0,,4.5,5.0,4.5,5.3,2023-05-01,85468.0,11.355909016079918,69984.0,61386.0,100890.0,115184.0,75763.0,7472.9231897584805,126807.0,0.49999999999999994,-0.8660254037844387,63,0
2023-04-01,Toronto,2011S0503535,1253456.0,,4.5,5.0,4.5,5.3,2023-05-01,1300309.0,14.078113255542792,1714569.0,1404002.0,688349.0,1207186.0,1468958.6666666667,232026.19116456062,1227953.0,0.49999999999999994,-0.8660254037844387,63,0
2023-04-01,Windsor,2011S0503559,45022.0,,4.5,5.0,4.5,5.3,2023-05-01,62119.0,11.036823277262624,33339.0,47706.0,55821.0,147856.0,36400.666666666664,7570.042426124754,122858.0,0.49999999999999994,-0.8660254037844387,63,0
2023-05-01,Hamilton,2011S0503537,194999.0,,4.5,5.5,4.5,5.0,2023-06-01,235353.0,12.368846042648316,120477.0,99744.0,111121.0,259976.0,145906.66666666666,42524.386724952645,112346.0,1.2246467991473532e-16,-1.0,64,0
2023-05-01,Kitchener-Cambridge-Waterloo,2011S0503541,270488.0,,4.5,5.5,4.5,5.0,2023-06-01,88496.0,11.390723932116376,128997.0,97508.0,139563.0,152960.0,169037.0,88506.54756005344,186774.0,1.2246467991473532e-16,-1.0,64,0
2023-05-01,London,2011S0503555,85468.0,,4.5,5.5,4.5,5.0,2023-06-01,63254.0,11.05492945484877,84202.0,73103.0,140300.0,126807.0,79884.66666666667,8597.562988042742,113532.0,1.2246467991473532e-16,-1.0,64,0
2023-05-01,Toronto,2011S0503535,1300309.0,,4.5,5.5,4.5,5.0,2023-06-01,1355092.0,14.119380644627032,1253456.0,1438851.0,1395316.0,1227953.0,1422778.0,253781.9766315171,1729792.0,1.2246467991473532e-16,-1.0,64,0
2023-05-01,Windsor,2011S0503559,62119.0,,4.5,5.5,4.5,5.0,2023-06-01,45038.0,10.715284060080414,45022.0,30841.0,70473.0,122858.0,46826.666666666664,14474.623184502225,133007.0,1.2246467991473532e-16,-1.0,64,0
2023-06-01,Hamilton,2011S0503537,235353.0,,4.75,5.6,4.5,5.5,2023-07-01,116342.0,11.664298003620168,194999.0,122244.0,87613.0,112346.0,183609.66666666666,58278.73994290992,118947.0,-0.4999999999999997,-0.8660254037844388,65,0
2023-06-01,Kitchener-Cambridge-Waterloo,2011S0503541,88496.0,,4.75,5.6,4.5,5.5,2023-07-01,241855.0,12.396097786709161,270488.0,107626.0,83888.0,186774.0,162660.33333333334,95552.0121417301,113090.0,-0.4999999999999997,-0.8660254037844388,65,0
2023-06-01,London,2011S0503555,63254.0,,4.75,5.6,4.5,5.5,2023-07-01,48920.0,10.797962031129387,85468.0,69984.0,89516.0,113532.0,77641.33333333333,12475.865073547526,191184.0,-0.4999999999999997,-0.8660254037844388,65,0
2023-06-01,Toronto,2011S0503535,1355092.0,,4.75,5.6,4.5,5.5,2023-07-01,1527830.0,14.239359640497499,1300309.0,1714569.0,1745520.0,1729792.0,1302952.3333333333,50869.534422218,1069430.0,-0.4999999999999997,-0.8660254037844388,65,0
2023-06-01,Windsor,2011S0503559,45038.0,,4.75,5.6,4.5,5.5,2023-07-01,34542.0,10.449960203748262,62119.0,33339.0,71586.0,133007.0,50726.333333333336,9866.341993531823,83846.0,-0.4999999999999997,-0.8660254037844388,65,0
2023-07-01,Hamilton,2011S0503537,116342.0,,5.0,5.6,4.75,5.6,2023-08-01,350139.0,12.766088353486923,235353.0,120477.0,58197.0,118947.0,182231.33333333334,60524.08210236091,83529.0,-0.8660254037844385,-0.5000000000000004,66,0
2023-07-01,Kitchener-Cambridge-Waterloo,2011S0503541,241855.0,,5.0,5.6,4.75,5.6,2023-08-01,141572.0,11.8605707640943,88496.0,128997.0,97331.0,113090.0,200279.66666666666,97860.37641626636,119696.0,-0.8660254037844385,-0.5000000000000004,66,0
2023-07-01,London,2011S0503555,48920.0,,5.0,5.6,4.75,5.6,2023-08-01,79176.0,11.279441131586694,63254.0,84202.0,61386.0,191184.0,65880.66666666667,18415.03758707448,142601.0,-0.8660254037844385,-0.5000000000000004,66,0
2023-07-01,Toronto,2011S0503535,1527830.0,,5.0,5.6,4.75,5.6,2023-08-01,1045035.0,13.859561892548435,1355092.0,1253456.0,1404002.0,1069430.0,1394410.3333333333,118747.20991388906,2031578.0,-0.8660254037844385,-0.5000000000000004,66,0
2023-07-01,Windsor,2011S0503559,34542.0,,5.0,5.6,4.75,5.6,2023-08-01,56265.0,10.93784572406446,45038.0,45022.0,47706.0,83846.0,47233.0,13918.91701965336,84474.0,-0.8660254037844385,-0.5000000000000004,66,0
2023-08-01,Hamilton,2011S0503537,350139.0,,5.0,5.8,5.0,5.6,2023-09-01,83313.0,11.330371881260112,116342.0,194999.0,99744.0,83529.0,233944.66666666666,116904.8624067165,137908.0,-1.0,-1.8369701987210297e-16,67,0
2023-08-01,Kitchener-Cambridge-Waterloo,2011S0503541,141572.0,,5.0,5.8,5.0,5.6,2023-09-01,216493.0,12.285318112414785,241855.0,270488.0,97508.0,119696.0,157307.66666666666,77881.02544479839,82780.0,-1.0,-1.8369701987210297e-16,67,0
2023-08-01,London,2011S0503555,79176.0,,5.0,5.8,5.0,5.6,2023-09-01,97568.0,11.48831509899751,48920.0,85468.0,73103.0,142601.0,63783.333333333336,15134.943981837736,93957.0,-1.0,-1.8369701987210297e-16,67,0
2023-08-01,Toronto,2011S0503535,1045035.0,,5.0,5.8,5.0,5.6,2023-09-01,1278444.0,14.061155053624946,1527830.0,1300309.0,1438851.0,2031578.0,1309319.0,244630.59631411586,1018571.0,-1.0,-1.8369701987210297e-16,67,0
2023-08-01,Windsor,2011S0503559,56265.0,,5.0,5.8,5.0,5.6,2023-09-01,38181.0,10.550119479354604,34542.0,62119.0,30841.0,84474.0,45281.666666666664,10863.549711458458,56413.0,-1.0,-1.8369701987210297e-16,67,0
2023-09-01,Hamilton,2011S0503537,83313.0,,5.0,5.8,5.0,5.8,2023-10-01,323694.0,12.68755699339405,350139.0,235353.0,122244.0,137908.0,183264.66666666666,145457.935687034,101583.0,-0.8660254037844386,0.5000000000000001,68,0
2023-09-01,Kitchener-Cambridge-Waterloo,2011S0503541,216493.0,,5.0,5.8,5.0,5.8,2023-10-01,176637.0,12.081857719543,141572.0,88496.0,107626.0,82780.0,199973.33333333334,52142.54081202161,151633.0,-0.8660254037844386,0.5000000000000001,68,0
2023-09-01,London,2011S0503555,97568.0,,5.0,5.8,5.0,5.8,2023-10-01,115902.0,11.660508913375937,79176.0,63254.0,69984.0,93957.0,75221.33333333333,24563.927156164656,100890.0,-0.8660254037844386,0.5000000000000001,68,0
2023-09-01,Toronto,2011S0503535,1278444.0,,5.0,5.8,5.0,5.8,2023-10-01,1110472.0,13.92029660864869,1045035.0,1355092.0,1714569.0,1018571.0,1283769.6666666667,241441.55617940595,688349.0,-0.8660254037844386,0.5000000000000001,68,0
2023-09-01,Windsor,2011S0503559,38181.0,,5.0,5.8,5.0,5.8,2023-10-01,37390.0,10.529185312732531,56265.0,45038.0,33339.0,56413.0,42996.0,11634.446742324952,55821.0,-0.8660254037844386,0.5000000000000001,68,0
2023-10-01,Hamilton,2011S0503537,323694.0,,5.0,6.2,5.0,5.8,2023-11-01,274321.0,12.522057877865548,83313.0,116342.0,120477.0,101583.0,252382.0,147013.8754573866,111121.0,-0.5000000000000004,0.8660254037844384,69,0
2023-10-01,Kitchener-Cambridge-Waterloo,2011S0503541,176637.0,,5.0,6.2,5.0,5.8,2023-11-01,228962.0,12.341315697429804,216493.0,241855.0,128997.0,151633.0,178234.0,37486.02228831439,139563.0,-0.5000000000000004,0.8660254037844384,69,0
2023-10-01,London,2011S0503555,115902.0,,5.0,6.2,5.0,5.8,2023-11-01,109460.0,11.603323600413532,97568.0,48920.0,84202.0,100890.0,97548.66666666667,18363.00763310189,140300.0,-0.5000000000000004,0.8660254037844384,69,0
2023-10-01,Toronto,2011S0503535,1110472.0,,5.0,6.2,5.0,5.8,2023-11-01,1287957.0,14.068568576419109,1278444.0,1527830.0,1253456.0,688349.0,1144650.3333333333,120399.58127972562,1395316.0,-0.5000000000000004,0.8660254037844384,69,0
2023-10-01,Windsor,2011S0503559,37390.0,,5.0,6.2,5.0,5.8,2023-11-01,34296.0,10.44281316577202,38181.0,34542.0,45022.0,55821.0,43945.333333333336,10676.472279424936,70473.0,-0.5000000000000004,0.8660254037844384,69,0
2023-11-01,Hamilton,2011S0503537,274321.0,,5.0,6.1,5.0,6.2,2023-12-01,83395.0,11.331355625565948,323694.0,350139.0,194999.0,111121.0,227109.33333333334,126954.56822160167,87613.0,-2.4492935982947064e-16,1.0,70,0
2023-11-01,Kitchener-Cambridge-Waterloo,2011S0503541,228962.0,,5.0,6.1,5.0,6.2,2023-12-01,101208.0,11.524942964687538,176637.0,141572.0,270488.0,139563.0,207364.0,27330.941934005972,83888.0,-2.4492935982947064e-16,1.0,70,0
2023-11-01,London,2011S0503555,109460.0,,5.0,6.1,5.0,6.2,2023-12-01,65884.0,11.095666076979352,115902.0,79176.0,85468.0,140300.0,107643.33333333333,9301.026681681757,89516.0,-2.4492935982947064e-16,1.0,70,0
2023-11-01,Toronto,2011S0503535,1287957.0,,5.0,6.1,5.0,6.2,2023-12-01,761293.0,13.5427748960075,1110472.0,1045035.0,1300309.0,1395316.0,1225624.3333333333,99838.21510991303,1745520.0,-2.4492935982947064e-16,1.0,70,0
2023-11-01,Windsor,2011S0503559,34296.0,,5.0,6.1,5.0,6.2,2023-12-01,48688.0,10.793208410867665,37390.0,56265.0,62119.0,70473.0,36622.333333333336,2053.1172234747487,71586.0,-2.4492935982947064e-16,1.0,70,0
2023-12-01,Hamilton,2011S0503537,83395.0,,5.0,6.2,5.0,6.1,2024-01-01,43862.0,10.688826419085547,274321.0,83313.0,235353.0,87613.0,227136.66666666666,126908.12950450934,58197.0,0.49999999999999994,0.8660254037844387,71,0
2023-12-01,Kitchener-Cambridge-Waterloo,2011S0503541,101208.0,,5.0,6.2,5.0,6.1,2024-01-01,144177.0,11.878803926312907,228962.0,216493.0,88496.0,83888.0,168935.66666666666,64224.24799352138,97331.0,0.49999999999999994,0.8660254037844387,71,0
2023-12-01,London,2011S0503555,65884.0,,5.0,6.2,5.0,6.1,2024-01-01,117032.0,11.67021122529296,109460.0,97568.0,63254.0,89516.0,97082.0,27209.580004109306,61386.0,0.49999999999999994,0.8660254037844387,71,0
2023-12-01,Toronto,2011S0503535,761293.0,,5.0,6.2,5.0,6.1,2024-01-01,1025267.0,13.840464599793679,1287957.0,1278444.0,1355092.0,1745520.0,1053240.6666666667,267955.8011320772,1404002.0,0.49999999999999994,0.8660254037844387,71,0
2023-12-01,Windsor,2011S0503559,48688.0,,5.0,6.2,5.0,6.1,2024-01-01,44291.0,10.698559352817998,34296.0,38181.0,45038.0,71586.0,40124.666666666664,7575.699131653055,47706.0,0.49999999999999994,0.8660254037844387,71,0
2024-01-01,Hamilton,2011S0503537,43862.0,,5.0,6.1,5.0,6.2,2024-02-01,82281.0,11.317907650715036,83395.0,323694.0,116342.0,58197.0,133859.33333333334,123238.89148452008,99744.0,0.8660254037844386,0.5000000000000001,72,0
2024-01-01,Kitchener-Cambridge-Waterloo,2011S0503541,144177.0,,5.0,6.1,5.0,6.2,2024-02-01,102756.0,11.540122256558655,101208.0,176637.0,241855.0,97331.0,158115.66666666666,65007.583790918834,97508.0,0.8660254037844386,0.5000000000000001,72,0
2024-01-01,London,2011S0503555,117032.0,,5.0,6.1,5.0,6.2,2024-02-01,209834.0,12.25407678657864,65884.0,115902.0,48920.0,61386.0,97458.66666666667,27605.316106383536,73103.0,0.8660254037844386,0.5000000000000001,72,0
2024-01-01,Toronto,2011S0503535,1025267.0,,5.0,6.1,5.0,6.2,2024-02-01,1076511.0,13.88923674296084,761293.0,1110472.0,1527830.0,1404002.0,1024839.0,263332.26086448267,1438851.0,0.8660254037844386,0.5000000000000001,72,0
2024-01-01,Windsor,2011S0503559,44291.0,,5.0,6.1,5.0,6.2,2024-02-01,70729.0,11.166625090030035,48688.0,37390.0,34542.0,47706.0,42425.0,7375.220878048036,30841.0,0.8660254037844386,0.5000000000000001,72,0
2024-02-01,Hamilton,2011S0503537,82281.0,,5.0,6.6,5.0,6.1,2024-03-01,365899.0,12.810115351007298,43862.0,274321.0,350139.0,99744.0,69846.0,22509.696599465406,122244.0,1.0,6.123233995736766e-17,73,0
2024-02-01,Kitchener-Cambridge-Waterloo,2011S0503541,102756.0,,5.0,6.6,5.0,6.1,2024-03-01,91292.0,11.421829393326107,144177.0,228962.0,141572.0,97508.0,116047.0,24373.587159053863,107626.0,1.0,6.123233995736766e-17,73,0
2024-02-01,London,2011S0503555,209834.0,,5.0,6.6,5.0,6.1,2024-03-01,175448.0,12.075103681365594,117032.0,109460.0,79176.0,73103.0,130916.66666666667,72972.51949421338,69984.0,1.0,6.123233995736766e-17,73,0
2024-02-01,Toronto,2011S0503535,1076511.0,,5.0,6.6,5.0,6.1,2024-03-01,852898.0,13.656396413836118,1025267.0,1287957.0,1045035.0,1438851.0,954357.0,169150.13436589396,1714569.0,1.0,6.123233995736766e-17,73,0
2024-02-01,Windsor,2011S0503559,70729.0,,5.0,6.6,5.0,6.1,2024-03-01,79196.0,11.27969369829722,44291.0,34296.0,56265.0,30841.0,54569.333333333336,14166.31647018129,33339.0,1.0,6.123233995736766e-17,73,0
2024-03-01,Hamilton,2011S0503537,365899.0,,5.0,6.8,5.0,6.6,2024-04-01,254042.0,12.445258823011095,82281.0,83395.0,83313.0,122244.0,164014.0,175889.65236477097,120477.0,0.8660254037844387,-0.4999999999999998,74,0
2024-03-01,Kitchener-Cambridge-Waterloo,2011S0503541,91292.0,,5.0,6.8,5.0,6.6,2024-04-01,54392.0,10.903990748093918,102756.0,101208.0,216493.0,107626.0,112741.66666666667,27820.693023958414,128997.0,0.8660254037844387,-0.4999999999999998,74,0
2024-03-01,London,2011S0503555,175448.0,,5.0,6.8,5.0,6.6,2024-04-01,125821.0,11.742623488721735,209834.0,65884.0,97568.0,69984.0,167438.0,46916.65883244468,84202.0,0.8660254037844387,-0.4999999999999998,74,0
2024-03-01,Toronto,2011S0503535,852898.0,,5.0,6.8,5.0,6.6,2024-04-01,1727854.0,14.362391312788288,1076511.0,761293.0,1278444.0,1714569.0,984892.0,117146.48484269586,1253456.0,0.8660254037844387,-0.4999999999999998,74,0
2024-03-01,Windsor,2011S0503559,79196.0,,5.0,6.8,5.0,6.6,2024-04-01,39721.0,10.589660469358737,70729.0,48688.0,38181.0,33339.0,64738.666666666664,18207.219071932162,45022.0,0.8660254037844387,-0.4999999999999998,74,0
2024-04-01,Hamilton,2011S0503537,254042.0,,5.0,6.8,5.0,6.8,2024-05-01,166368.0,12.02196349193668,365899.0,43862.0,323694.0,120477.0,234074.0,142859.48778082602,194999.0,0.49999999999999994,-0.8660254037844387,75,0
2024-04-01,Kitchener-Cambridge-Waterloo,2011S0503541,54392.0,,5.0,6.8,5.0,6.8,2024-05-01,66546.0,11.10566374391912,91292.0,144177.0,176637.0,128997.0,82813.33333333333,25272.217261912836,270488.0,0.49999999999999994,-0.8660254037844387,75,0
2024-04-01,London,2011S0503555,125821.0,,5.0,6.8,5.0,6.8,2024-05-01,99813.0,11.51106373302228,175448.0,117032.0,115902.0,84202.0,170367.66666666666,42236.280403621495,85468.0,0.49999999999999994,-0.8660254037844387,75,0
2024-04-01,Toronto,2011S0503535,1727854.0,,5.0,6.8,5.0,6.8,2024-05-01,2006764.0,14.51203453073853,852898.0,1025267.0,1110472.0,1253456.0,1219087.6666666667,454569.114538519,1300309.0,0.49999999999999994,-0.8660254037844387,75,0
2024-04-01,Windsor,2011S0503559,39721.0,,5.0,6.8,5.0,6.8,2024-05-01,46472.0,10.746626777774473,79196.0,44291.0,37390.0,45022.0,63215.333333333336,20782.451643955053,62119.0,0.49999999999999994,-0.8660254037844387,75,0
2024-05-01,Hamilton,2011S0503537,166368.0,,5.0,6.7,5.0,6.8,2024-06-01,113284.0,11.637662046371554,254042.0,82281.0,274321.0,194999.0,262103.0,100009.448458633,235353.0,1.2246467991473532e-16,-1.0,76,0
2024-05-01,Kitchener-Cambridge-Waterloo,2011S0503541,66546.0,,5.0,6.7,5.0,6.8,2024-06-01,94969.0,11.461316331236999,54392.0,102756.0,228962.0,270488.0,70743.33333333333,18804.67243355554,88496.0,1.2246467991473532e-16,-1.0,76,0
2024-05-01,London,2011S0503555,99813.0,,5.0,6.7,5.0,6.8,2024-06-01,170980.0,12.049307718200389,125821.0,209834.0,109460.0,85468.0,133694.0,38427.22216085905,63254.0,1.2246467991473532e-16,-1.0,76,0
2024-05-01,Toronto,2011S0503535,2006764.0,,5.0,6.7,5.0,6.8,2024-06-01,1424876.0,14.169596052169991,1727854.0,1076511.0,1287957.0,1300309.0,1529172.0,602044.50776666,1355092.0,1.2246467991473532e-16,-1.0,76,0
2024-05-01,Windsor,2011S0503559,46472.0,,5.0,6.7,5.0,6.8,2024-06-01,88038.0,11.385535177102469,39721.0,70729.0,34296.0,62119.0,55129.666666666664,21113.62830811724,45038.0,1.2246467991473532e-16,-1.0,76,0
2024-06-01,Hamilton,2011S0503537,113284.0,,4.75,7.0,5.0,6.7,2024-07-01,77481.0,11.25780093030084,166368.0,365899.0,83395.0,235353.0,177898.0,71083.8189463677,116342.0,-0.4999999999999997,-0.8660254037844388,77,0
2024-06-01,Kitchener-Cambridge-Waterloo,2011S0503541,94969.0,,4.75,7.0,5.0,6.7,2024-07-01,48013.0,10.779247914030242,66546.0,91292.0,101208.0,88496.0,71969.0,20824.98328930879,241855.0,-0.4999999999999997,-0.8660254037844388,77,0
2024-06-01,London,2011S0503555,170980.0,,4.75,7.0,5.0,6.7,2024-07-01,144605.0,11.881768081621892,99813.0,175448.0,65884.0,63254.0,132204.66666666666,36010.39950255135,48920.0,-0.4999999999999997,-0.8660254037844388,77,0
2024-06-01,Toronto,2011S0503535,1424876.0,,4.75,7.0,5.0,6.7,2024-07-01,1230823.0,14.023194421752423,2006764.0,852898.0,761293.0,1355092.0,1719831.3333333333,291026.94638354913,1527830.0,-0.4999999999999997,-0.8660254037844388,77,0
2024-06-01,Windsor,2011S0503559,88038.0,,4.75,7.0,5.0,6.7,2024-07-01,92573.0,11.43576360367108,46472.0,79196.0,48688.0,45038.0,58077.0,26165.629000656503,34542.0,-0.4999999999999997,-0.8660254037844388,77,0
2024-07-01,Hamilton,2011S0503537,77481.0,,4.5,6.8,4.75,7.0,2024-08-01,87055.0,11.374306868725707,113284.0,254042.0,43862.0,116342.0,119044.33333333333,44722.59800518439,350139.0,-0.8660254037844385,-0.5000000000000004,78,0
2024-07-01,Kitchener-Cambridge-Waterloo,2011S0503541,48013.0,,4.5,6.8,4.75,7.0,2024-08-01,106188.0,11.572975804270962,94969.0,54392.0,144177.0,241855.0,69842.66666666667,23650.951192992718,141572.0,-0.8660254037844385,-0.5000000000000004,78,0
2024-07-01,London,2011S0503555,144605.0,,4.5,6.8,4.75,7.0,2024-08-01,88381.0,11.389423607982884,170980.0,125821.0,117032.0,48920.0,138466.0,35978.479164634184,79176.0,-0.8660254037844385,-0.5000000000000004,78,0
2024-07-01,Toronto,2011S0503535,1230823.0,,4.5,6.8,4.75,7.0,2024-08-01,1328216.0,14.099347999284058,1424876.0,1727854.0,1025267.0,1527830.0,1554154.3333333333,403801.6523893051,1045035.0,-0.8660254037844385,-0.5000000000000004,78,0
2024-07-01,Windsor,2011S0503559,92573.0,,4.5,6.8,4.75,7.0,2024-08-01,72814.0,11.195677256916682,88038.0,39721.0,44291.0,34542.0,75694.33333333333,25408.66250579379,56265.0,-0.8660254037844385,-0.5000000000000004,78,0
2024-08-01,Hamilton,2011S0503537,87055.0,,4.5,7.2,4.5,6.8,2024-09-01,76232.0,11.241549718792758,77481.0,166368.0,82281.0,350139.0,92606.66666666667,18535.896372534167,83313.0,-1.0,-1.8369701987210297e-16,79,0
2024-08-01,Kitchener-Cambridge-Waterloo,2011S0503541,106188.0,,4.5,7.2,4.5,6.8,2024-09-01,128259.0,11.761814732702854,48013.0,66546.0,102756.0,141572.0,83056.66666666667,30862.767541705078,216493.0,-1.0,-1.8369701987210297e-16,79,0
2024-08-01,London,2011S0503555,88381.0,,4.5,7.2,4.5,6.8,2024-09-01,130463.0,11.77885260561898,144605.0,99813.0,209834.0,79176.0,134655.33333333334,42188.80894660751,97568.0,-1.0,-1.8369701987210297e-16,79,0
2024-08-01,Toronto,2011S0503535,1328216.0,,4.5,7.2,4.5,6.8,2024-09-01,1774115.0,14.388812828665419,1230823.0,2006764.0,1076511.0,1045035.0,1327971.6666666667,97026.7307309339,1278444.0,-1.0,-1.8369701987210297e-16,79,0
2024-08-01,Windsor,2011S0503559,72814.0,,4.5,7.2,4.5,6.8,2024-09-01,45487.0,10.725203833890781,92573.0,46472.0,70729.0,56265.0,84475.0,10350.156858714667,38181.0,-1.0,-1.8369701987210297e-16,79,0
2024-09-01,Hamilton,2011S0503537,76232.0,,4.25,7.0,4.5,7.2,2024-10-01,68471.0,11.134180181561446,87055.0,113284.0,365899.0,83313.0,80256.0,5921.131733038316,323694.0,-0.8660254037844386,0.5000000000000001,80,0
2024-09-01,Kitchener-Cambridge-Waterloo,2011S0503541,128259.0,,4.25,7.0,4.5,7.2,2024-10-01,44293.0,10.698604506679791,106188.0,94969.0,91292.0,216493.0,94153.33333333333,41454.55379488875,176637.0,-0.8660254037844386,0.5000000000000001,80,0
2024-09-01,London,2011S0503555,130463.0,,4.25,7.0,4.5,7.2,2024-10-01,93570.0,11.446475785398915,88381.0,170980.0,175448.0,97568.0,121149.66666666667,29246.165173118894,115902.0,-0.8660254037844386,0.5000000000000001,80,0
2024-09-01,Toronto,2011S0503535,1774115.0,,4.25,7.0,4.5,7.2,2024-10-01,1517368.0,14.23248847199507,1328216.0,1424876.0,852898.0,1278444.0,1444384.6666666667,289677.26637127245,1110472.0,-0.8660254037844386,0.5000000000000001,80,0
2024-09-01,Windsor,2011S0503559,45487.0,,4.25,7.0,4.5,7.2,2024-10-01,66497.0,11.104927151003707,72814.0,88038.0,79196.0,38181.0,70291.33333333333,23644.147993390052,37390.0,-0.8660254037844386,0.5000000000000001,80,0
2024-10-01,Hamilton,2011S0503537,68471.0,,3.75,7.1,4.25,7.0,2024-11-01,64857.0,11.079955543739874,76232.0,77481.0,254042.0,323694.0,77252.66666666667,9333.947950000953,274321.0,-0.5000000000000004,0.8660254037844384,81,0
2024-10-01,Kitchener-Cambridge-Waterloo,2011S0503541,44293.0,,3.75,7.1,4.25,7.0,2024-11-01,93279.0,11.44336100158432,128259.0,48013.0,54392.0,176637.0,92913.33333333333,43528.5523574277,228962.0,-0.5000000000000004,0.8660254037844384,81,0
2024-10-01,London,2011S0503555,93570.0,,3.75,7.1,4.25,7.0,2024-11-01,70080.0,11.157406994914858,130463.0,144605.0,125821.0,115902.0,104138.0,22945.275090964198,109460.0,-0.5000000000000004,0.8660254037844384,81,0
2024-10-01,Toronto,2011S0503535,1517368.0,,3.75,7.1,4.25,7.0,2024-11-01,1323194.0,14.095559824526166,1774115.0,1230823.0,1727854.0,1110472.0,1539899.6666666667,223801.77960046055,1287957.0,-0.5000000000000004,0.8660254037844384,81,0
2024-10-01,Windsor,2011S0503559,66497.0,,3.75,7.1,4.25,7.0,2024-11-01,72545.0,11.191976122402302,45487.0,92573.0,39721.0,37390.0,61599.333333333336,14306.697254549363,34296.0,-0.5000000000000004,0.8660254037844384,81,0
2024-11-01,Hamilton,2011S0503537,64857.0,,3.75,7.8,3.75,7.1,2024-12-01,94564.0,11.457042707722556,68471.0,87055.0,166368.0,274321.0,69853.33333333333,5812.124425141621,83395.0,-2.4492935982947064e-16,1.0,82,0
2024-11-01,Kitchener-Cambridge-Waterloo,2011S0503541,93279.0,,3.75,7.8,3.75,7.1,2024-12-01,155132.0,11.95203809249061,44293.0,106188.0,66546.0,228962.0,88610.33333333333,42177.24060833431,101208.0,-2.4492935982947064e-16,1.0,82,0
2024-11-01,London,2011S0503555,70080.0,,3.75,7.8,3.75,7.1,2024-12-01,70215.0,11.159331484271954,93570.0,88381.0,99813.0,109460.0,98037.66666666667,30438.408406704788,65884.0,-2.4492935982947064e-16,1.0,82,0
2024-11-01,Toronto,2011S0503535,1323194.0,,3.75,7.8,3.75,7.1,2024-12-01,1816918.0,14.412652767408302,1517368.0,1328216.0,2006764.0,1287957.0,1538225.6666666667,226182.93205795417,761293.0,-2.4492935982947064e-16,1.0,82,0
2024-11-01,Windsor,2011S0503559,72545.0,,3.75,7.8,3.75,7.1,2024-12-01,50129.0,10.82237491025755,66497.0,72814.0,46472.0,34296.0,61509.666666666664,14201.723885969981,48688.0,-2.4492935982947064e-16,1.0,82,0
2024-12-01,Hamilton,2011S0503537,94564.0,,3.25,7.5,3.75,7.8,2025-01-01,61927.0,11.03372769888455,64857.0,76232.0,113284.0,83395.0,75964.0,16209.110061937197,43862.0,0.49999999999999994,0.8660254037844387,83,0
2024-12-01,Kitchener-Cambridge-Waterloo,2011S0503541,155132.0,,3.25,7.5,3.75,7.8,2025-01-01,101046.0,11.52334103411793,93279.0,128259.0,94969.0,101208.0,97568.0,55543.83513046242,144177.0,0.49999999999999994,0.8660254037844387,83,0
2024-12-01,London,2011S0503555,70215.0,,3.25,7.5,3.75,7.8,2025-01-01,253947.0,12.444884800632323,70080.0,130463.0,170980.0,65884.0,77955.0,13523.155142200614,117032.0,0.49999999999999994,0.8660254037844387,83,0
2024-12-01,Toronto,2011S0503535,1816918.0,,3.25,7.5,3.75,7.8,2025-01-01,1340860.0,14.108822502901809,1323194.0,1774115.0,1424876.0,761293.0,1552493.3333333333,248729.14751860738,1025267.0,0.49999999999999994,0.8660254037844387,83,0
2024-12-01,Windsor,2011S0503559,50129.0,,3.25,7.5,3.75,7.8,2025-01-01,61537.0,11.027410149160403,72545.0,45487.0,88038.0,48688.0,63057.0,11597.174828379408,44291.0,0.49999999999999994,0.8660254037844387,83,0
2025-01-01,Hamilton,2011S0503537,61927.0,,3.0,7.6,3.25,7.5,2025-02-01,71344.0,11.175282543364675,94564.0,68471.0,77481.0,43862.0,73782.66666666667,18056.690902081897,82281.0,0.8660254037844386,0.5000000000000001,84,0
2025-01-01,Kitchener-Cambridge-Waterloo,2011S0503541,101046.0,,3.0,7.6,3.25,7.5,2025-02-01,116595.0,11.666470246992764,155132.0,44293.0,48013.0,144177.0,116485.66666666667,33693.26167549419,102756.0,0.8660254037844386,0.5000000000000001,84,0
2025-01-01,London,2011S0503555,253947.0,,3.0,7.6,3.25,7.5,2025-02-01,76118.0,11.240053184171927,70215.0,93570.0,144605.0,117032.0,131414.0,106116.7122700285,209834.0,0.8660254037844386,0.5000000000000001,84,0
2025-01-01,Toronto,2011S0503535,1340860.0,,3.0,7.6,3.25,7.5,2025-02-01,1399716.0,14.151780631294724,1816918.0,1517368.0,1230823.0,1025267.0,1493657.3333333333,280091.26342914224,1076511.0,0.8660254037844386,0.5000000000000001,84,0
2025-01-01,Windsor,2011S0503559,61537.0,,3.0,7.6,3.25,7.5,2025-02-01,118690.0,11.684278756324689,50129.0,66497.0,92573.0,44291.0,61403.666666666664,11208.59479744585,70729.0,0.8660254037844386,0.5000000000000001,84,0
2025-02-01,Hamilton,2011S0503537,71344.0,,3.0,7.4,3.0,7.6,2025-03-01,394824.0,12.886197907738255,61927.0,64857.0,87055.0,82281.0,75945.0,16797.926747071902,365899.0,1.0,6.123233995736766e-17,85,0
2025-02-01,Kitchener-Cambridge-Waterloo,2011S0503541,116595.0,,3.0,7.4,3.0,7.6,2025-03-01,82642.0,11.32228540516753,101046.0,93279.0,106188.0,102756.0,124257.66666666667,27845.3083002025,91292.0,1.0,6.123233995736766e-17,85,0
2025-02-01,London,2011S0503555,76118.0,,3.0,7.4,3.0,7.6,2025-03-01,123034.0,11.7202241467226,253947.0,70080.0,88381.0,209834.0,133426.66666666666,104415.39356020906,175448.0,1.0,6.123233995736766e-17,85,0
2025-02-01,Toronto,2011S0503535,1399716.0,,3.0,7.4,3.0,7.6,2025-03-01,1182468.0,13.983115183359768,1340860.0,1323194.0,1328216.0,1076511.0,1519164.6666666667,259535.7255125644,852898.0,1.0,6.123233995736766e-17,85,0
2025-02-01,Windsor,2011S0503559,118690.0,,3.0,7.4,3.0,7.6,2025-03-01,46461.0,10.74639005318091,61537.0,72545.0,72814.0,70729.0,76785.33333333333,36736.037243193925,79196.0,1.0,6.123233995736766e-17,85,0
2025-03-01,Hamilton,2011S0503537,394824.0,,2.75,7.5,3.0,7.4,2025-04-01,87043.0,11.374169016916182,71344.0,94564.0,76232.0,365899.0,176031.66666666666,189538.2120215692,254042.0,0.8660254037844387,-0.4999999999999998,86,0
2025-03-01,Kitchener-Cambridge-Waterloo,2011S0503541,82642.0,,2.75,7.5,3.0,7.4,2025-04-01,190509.0,12.15745996560948,116595.0,155132.0,128259.0,91292.0,100094.33333333333,16996.4938835433,54392.0,0.8660254037844387,-0.4999999999999998,86,0
2025-03-01,London,2011S0503555,123034.0,,2.75,7.5,3.0,7.4,2025-04-01,112260.0,11.628581796348907,76118.0,70215.0,130463.0,175448.0,151033.0,92161.52294206088,125821.0,0.8660254037844387,-0.4999999999999998,86,0
2025-03-01,Toronto,2011S0503535,1182468.0,,2.75,7.5,3.0,7.4,2025-04-01,1174628.0,13.976462911021699,1399716.0,1816918.0,1774115.0,852898.0,1307681.3333333333,112360.0966417045,1727854.0,0.8660254037844387,-0.4999999999999998,86,0
2025-03-01,Windsor,2011S0503559,46461.0,,2.75,7.5,3.0,7.4,2025-04-01,55445.0,10.923164853116095,118690.0,50129.0,45487.0,79196.0,75562.66666666667,38102.44879706987,39721.0,0.8660254037844387,-0.4999999999999998,86,0
2025-04-01,Hamilton,2011S0503537,87043.0,,2.75,7.8,2.75,7.5,2025-05-01,117127.0,11.671022632873319,394824.0,61927.0,68471.0,254042.0,184403.66666666666,182398.33376523294,166368.0,0.49999999999999994,-0.8660254037844387,87,0
2025-04-01,Kitchener-Cambridge-Waterloo,2011S0503541,190509.0,,2.75,7.8,2.75,7.5,2025-05-01,52399.0,10.866661870309134,82642.0,101046.0,44293.0,54392.0,129915.33333333333,55153.38504872866,66546.0,0.49999999999999994,-0.8660254037844387,87,0
2025-04-01,London,2011S0503555,112260.0,E,2.75,7.8,2.75,7.5,2025-05-01,127033.0,11.752210046146484,123034.0,253947.0,93570.0,125821.0,103804.0,24574.493199250675,99813.0,0.49999999999999994,-0.8660254037844387,87,0
2025-04-01,Toronto,2011S0503535,1174628.0,,2.75,7.8,2.75,7.5,2025-05-01,837204.0,13.63782424182473,1182468.0,1340860.0,1517368.0,1727854.0,1252270.6666666667,127751.5602305239,2006764.0,0.49999999999999994,-0.8660254037844387,87,0
2025-04-01,Windsor,2011S0503559,55445.0,,2.75,7.8,2.75,7.5,2025-05-01,54534.0,10.906597976362843,46461.0,61537.0,66497.0,39721.0,73532.0,39365.10875127868,46472.0,0.49999999999999994,-0.8660254037844387,87,0
2025-05-01,Hamilton,2011S0503537,117127.0,,2.75,7.9,2.75,7.8,2025-06-01,148615.0,11.90912107707124,87043.0,71344.0,64857.0,166368.0,199664.66666666666,169680.98244745436,113284.0,1.2246467991473532e-16,-1.0,88,0
2025-05-01,Kitchener-Cambridge-Waterloo,2011S0503541,52399.0,,2.75,7.9,2.75,7.8,2025-06-01,151370.0,11.927489056063653,190509.0,116595.0,93279.0,66546.0,108516.66666666667,72599.70252234732,94969.0,1.2246467991473532e-16,-1.0,88,0
2025-05-01,London,2011S0503555,127033.0,,2.75,7.9,2.75,7.8,2025-06-01,152227.0,11.93313467595215,112260.0,76118.0,70080.0,99813.0,120775.66666666667,7641.0362080904715,170980.0,1.2246467991473532e-16,-1.0,88,0
2025-05-01,Toronto,2011S0503535,837204.0,,2.75,7.9,2.75,7.8,2025-06-01,919576.0,13.731669060684093,1174628.0,1399716.0,1323194.0,2006764.0,1064766.6666666667,197114.0325936568,1424876.0,1.2246467991473532e-16,-1.0,88,0
2025-05-01,Windsor,2011S0503559,54534.0,,2.75,7.9,2.75,7.8,2025-06-01,40983.0,10.620937025619039,55445.0,118690.0,72545.0,46472.0,52146.666666666664,4944.955443007556,88038.0,1.2246467991473532e-16,-1.0,88,0
2025-06-01,Hamilton,2011S0503537,148615.0,,2.75,7.8,2.75,7.9,2025-07-01,93356.0,11.444186132768047,117127.0,394824.0,94564.0,113284.0,117595.0,30788.667785404097,77481.0,-0.4999999999999997,-0.8660254037844388,89,0
2025-06-01,Kitchener-Cambridge-Waterloo,2011S0503541,151370.0,,2.75,7.8,2.75,7.9,2025-07-01,162132.0,11.99617226504282,52399.0,82642.0,155132.0,94969.0,131426.0,71182.26869804019,48013.0,-0.4999999999999997,-0.8660254037844388,89,0
2025-06-01,London,2011S0503555,152227.0,,2.75,7.8,2.75,7.9,2025-07-01,177736.0,12.088060208563322,127033.0,123034.0,70215.0,170980.0,130506.66666666667,20208.66255676878,144605.0,-0.4999999999999997,-0.8660254037844388,89,0
2025-06-01,Toronto,2011S0503535,919576.0,,2.75,7.8,2.75,7.9,2025-07-01,1216467.0,14.011462135886449,837204.0,1182468.0,1816918.0,1424876.0,977136.0,175922.15364757186,1230823.0,-0.4999999999999997,-0.8660254037844388,89,0
2025-06-01,Windsor,2011S0503559,40983.0,,2.75,7.8,2.75,7.9,2025-07-01,50241.0,10.824606609266924,54534.0,46461.0,50129.0,88038.0,50320.666666666664,8099.474941829868,92573.0,-0.4999999999999997,-0.8660254037844388,89,0
2025-07-01,Hamilton,2011S0503537,93356.0,,2.75,7.8,2.75,7.8,2025-08-01,73375.0,11.20335218565763,148615.0,87043.0,61927.0,77481.0,119699.33333333333,27719.16204240874,87055.0,-0.8660254037844385,-0.5000000000000004,90,0
2025-07-01,Kitchener-Cambridge-Waterloo,2011S0503541,162132.0,,2.75,7.8,2.75,7.8,2025-08-01,102644.0,11.539031712054708,151370.0,190509.0,101046.0,48013.0,121967.0,60487.47910931644,106188.0,-0.8660254037844385,-0.5000000000000004,90,0
2025-07-01,London,2011S0503555,177736.0,,2.75,7.8,2.75,7.8,2025-08-01,141390.0,11.859284381196847,152227.0,112260.0,253947.0,144605.0,152332.0,25351.66308154187,88381.0,-0.8660254037844385,-0.5000000000000004,90,0
2025-07-01,Toronto,2011S0503535,1216467.0,,2.75,7.8,2.75,7.8,2025-08-01,975609.0,13.790818195373872,919576.0,1174628.0,1340860.0,1230823.0,991082.3333333334,199486.77292575868,1328216.0,-0.8660254037844385,-0.5000000000000004,90,0
2025-07-01,Windsor,2011S0503559,50241.0,,2.75,7.8,2.75,7.8,2025-08-01,50287.0,10.825521759037349,40983.0,55445.0,61537.0,92573.0,48586.0,6925.43637614241,72814.0,-0.8660254037844385,-0.5000000000000004,90,0
2025-08-01,Hamilton,2011S0503537,73375.0,,2.75,7.7,2.75,7.8,2025-09-01,78664.0,11.272953608674523,93356.0,117127.0,71344.0,87055.0,105115.33333333333,38974.04059541831,76232.0,-1.0,-1.8369701987210297e-16,91,0
2025-08-01,Kitchener-Cambridge-Waterloo,2011S0503541,102644.0,,2.75,7.7,2.75,7.8,2025-09-01,92603.0,11.436087616245603,162132.0,52399.0,116595.0,106188.0,138715.33333333334,31698.753561194273,128259.0,-1.0,-1.8369701987210297e-16,91,0
2025-08-01,London,2011S0503555,141390.0,,2.75,7.7,2.75,7.8,2025-09-01,118356.0,11.68146075979211,177736.0,127033.0,76118.0,88381.0,157117.66666666666,18660.034681997404,130463.0,-1.0,-1.8369701987210297e-16,91,0
2025-08-01,Toronto,2011S0503535,975609.0,,2.75,7.7,2.75,7.8,2025-09-01,1031678.0,13.846698130127017,1216467.0,837204.0,1399716.0,1328216.0,1037217.3333333334,157742.69086817678,1774115.0,-1.0,-1.8369701987210297e-16,91,0
2025-08-01,Windsor,2011S0503559,50287.0,,2.75,7.7,2.75,7.8,2025-09-01,61671.0,11.029585298139098,50241.0,54534.0,118690.0,72814.0,47170.333333333336,5358.437209982941,45487.0,-1.0,-1.8369701987210297e-16,91,0
2025-09-01,Hamilton,2011S0503537,78664.0,,2.5,7.9,2.75,7.7,2025-10-01,221788.0,12.309481758439533,73375.0,148615.0,394824.0,76232.0,81798.33333333333,10352.686817117383,68471.0,-0.8660254037844386,0.5000000000000001,92,0
2025-09-01,Kitchener-Cambridge-Waterloo,2011S0503541,92603.0,,2.5,7.9,2.75,7.7,2025-10-01,166026.0,12.019905704714915,102644.0,151370.0,82642.0,128259.0,119126.33333333333,37580.858749279854,44293.0,-0.8660254037844386,0.5000000000000001,92,0
2025-09-01,London,2011S0503555,118356.0,,2.5,7.9,2.75,7.7,2025-10-01,165618.0,12.017445248651336,141390.0,152227.0,123034.0,130463.0,145827.33333333334,29937.660986345396,93570.0,-0.8660254037844386,0.5000000000000001,92,0
2025-09-01,Toronto,2011S0503535,1031678.0,,2.5,7.9,2.75,7.7,2025-10-01,1104822.0,13.91519569910817,975609.0,919576.0,1182468.0,1774115.0,1074584.6666666667,126031.2682405964,1517368.0,-0.8660254037844386,0.5000000000000001,92,0
2025-09-01,Windsor,2011S0503559,61671.0,,2.5,7.9,2.75,7.7,2025-10-01,47789.0,10.774571691572204,50287.0,40983.0,46461.0,45487.0,54066.333333333336,6585.874682479934,66497.0,-0.8660254037844386,0.5000000000000001,92,0
2025-10-01,Hamilton,2011S0503537,221788.0,,2.25,7.6,2.5,7.9,2025-11-01,114545.0,11.648731768022714,78664.0,93356.0,87043.0,68471.0,124609.0,84201.02084298016,64857.0,-0.5000000000000004,0.8660254037844384,93,0
2025-10-01,Kitchener-Cambridge-Waterloo,2011S0503541,166026.0,,2.25,7.6,2.5,7.9,2025-11-01,86145.0,11.363798810233915,92603.0,162132.0,190509.0,44293.0,120424.33333333333,39810.04172734971,93279.0,-0.5000000000000004,0.8660254037844384,93,0
2025-10-01,London,2011S0503555,165618.0,,2.25,7.6,2.5,7.9,2025-11-01,204953.0,12.230540842697385,118356.0,177736.0,112260.0,93570.0,141788.0,23633.513577122096,70080.0,-0.5000000000000004,0.8660254037844384,93,0
2025-10-01,Toronto,2011S0503535,1104822.0,,2.25,7.6,2.5,7.9,2025-11-01,875852.0,13.682953547617975,1031678.0,1216467.0,1174628.0,1517368.0,1037369.6666666666,64794.26011872636,1323194.0,-0.5000000000000004,0.8660254037844384,93,0
2025-10-01,Windsor,2011S0503559,47789.0,,2.25,7.6,2.5,7.9,2025-11-01,48433.0,10.787957325420447,61671.0,50241.0,55445.0,66497.0,53249.0,7399.835403574648,72545.0,-0.5000000000000004,0.8660254037844384,93,0
2025-11-01,Hamilton,2011S0503537,114545.0,,2.25,7.4,2.25,7.6,2025-12-01,58493.0,10.976679463857327,221788.0,73375.0,117127.0,64857.0,138332.33333333334,74468.09897085672,94564.0,-2.4492935982947064e-16,1.0,94,0
2025-11-01,Kitchener-Cambridge-Waterloo,2011S0503541,86145.0,,2.25,7.4,2.25,7.6,2025-12-01,47141.0,10.760919602403877,166026.0,102644.0,52399.0,93279.0,114924.66666666667,44372.69591013514,155132.0,-2.4492935982947064e-16,1.0,94,0
2025-11-01,London,2011S0503555,204953.0,,2.25,7.4,2.25,7.6,2025-12-01,245608.0,12.411496119534855,165618.0,141390.0,127033.0,70080.0,162975.66666666666,43358.926950898414,70215.0,-2.4492935982947064e-16,1.0,94,0
2025-11-01,Toronto,2011S0503535,875852.0,,2.25,7.4,2.25,7.6,2025-12-01,1101315.0,13.912016386332255,1104822.0,975609.0,837204.0,1323194.0,1004117.3333333334,116946.60313721461,1816918.0,-2.4492935982947064e-16,1.0,94,0
2025-11-01,Windsor,2011S0503559,48433.0,,2.25,7.4,2.25,7.6,2025-12-01,43032.0,10.669722542203239,47789.0,50287.0,54534.0,72545.0,52631.0,7835.488753102561,50129.0,-2.4492935982947064e-16,1.0,94,0
2025-12-01,Hamilton,2011S0503537,58493.0,,2.25,7.9,2.25,7.4,2026-01-01,58517.0,10.97708967820007,114545.0,78664.0,148615.0,94564.0,131608.66666666666,82974.0368810227,61927.0,0.49999999999999994,0.8660254037844387,95,0
2025-12-01,Kitchener-Cambridge-Waterloo,2011S0503541,47141.0,,2.25,7.9,2.25,7.4,2026-01-01,195556.0,12.183607176014473,86145.0,92603.0,151370.0,155132.0,99770.66666666667,60602.43312222144,101046.0,0.49999999999999994,0.8660254037844387,95,0
2025-12-01,London,2011S0503555,245608.0,,2.25,7.9,2.25,7.4,2026-01-01,84961.0,11.349959376688336,204953.0,118356.0,152227.0,70215.0,205393.0,39996.815185712054,253947.0,0.49999999999999994,0.8660254037844387,95,0
2025-12-01,Toronto,2011S0503535,1101315.0,,2.25,7.9,2.25,7.4,2026-01-01,1123987.0,13.9323936332222,875852.0,1031678.0,919576.0,1816918.0,1027329.6666666666,131195.22623301952,1340860.0,0.49999999999999994,0.8660254037844387,95,0
2025-12-01,Windsor,2011S0503559,43032.0,,2.25,7.9,2.25,7.4,2026-01-01,52343.0,10.865592596549575,48433.0,61671.0,40983.0,50129.0,46418.0,2949.988305060943,61537.0,0.49999999999999994,0.8660254037844387,95,0
2026-01-01,Hamilton,2011S0503537,58517.0,,2.25,7.3,2.25,7.9,2026-02-01,113640.0,11.640799635647817,58493.0,221788.0,93356.0,61927.0,77185.0,32354.711310719293,71344.0,0.8660254037844386,0.5000000000000001,96,0
2026-01-01,Kitchener-Cambridge-Waterloo,2011S0503541,195556.0,,2.25,7.3,2.25,7.9,2026-02-01,73654.0,11.20714730824904,47141.0,166026.0,162132.0,101046.0,109614.0,76940.5519021016,116595.0,0.8660254037844386,0.5000000000000001,96,0
2026-01-01,London,2011S0503555,84961.0,,2.25,7.3,2.25,7.9,2026-02-01,73569.0,11.20599261292631,245608.0,165618.0,177736.0,253947.0,178507.33333333334,83524.81437473143,76118.0,0.8660254037844386,0.5000000000000001,96,0
2026-01-01,Toronto,2011S0503535,1123987.0,,2.25,7.3,2.25,7.9,2026-02-01,1274201.0,14.057830658275599,1101315.0,1104822.0,1216467.0,1340860.0,1033718.0,137185.131712587,1399716.0,0.8660254037844386,0.5000000000000001,96,0
2026-01-01,Windsor,2011S0503559,52343.0,,2.25,7.3,2.25,7.9,2026-02-01,35354.0,10.473195104038341,43032.0,47789.0,50241.0,61537.0,47936.0,4675.3542111797715,118690.0,0.8660254037844386,0.5000000000000001,96,0
2026-02-01,Hamilton,2011S0503537,113640.0,,2.25,7.6,2.25,7.3,2026-03-01,53042.0,10.8788581843462,58517.0,114545.0,73375.0,71344.0,76883.33333333333,31832.209353629863,394824.0,1.0,6.123233995736766e-17,97,0
2026-02-01,Kitchener-Cambridge-Waterloo,2011S0503541,73654.0,,2.25,7.6,2.25,7.3,2026-03-01,225528.0,12.326204032760412,195556.0,86145.0,102644.0,116595.0,105450.33333333333,79151.80456776284,82642.0,1.0,6.123233995736766e-17,97,0
2026-02-01,London,2011S0503555,73569.0,,2.25,7.6,2.25,7.3,2026-03-01,86491.0,11.367807203093786,84961.0,204953.0,141390.0,76118.0,134712.66666666666,96206.94170554093,123034.0,1.0,6.123233995736766e-17,97,0
2026-02-01,Toronto,2011S0503535,1274201.0,,2.25,7.6,2.25,7.3,2026-03-01,1260611.0,14.047107875292374,1123987.0,875852.0,975609.0,1399716.0,1166501.0,93957.29027595378,1182468.0,1.0,6.123233995736766e-17,97,0
2026-02-01,Windsor,2011S0503559,35354.0,,2.25,7.6,2.25,7.3,2026-03-01,48759.0,10.794665583595208,52343.0,48433.0,50287.0,118690.0,43576.333333333336,8507.570413069147,46461.0,1.0,6.123233995736766e-17,97,0
2026-03-01,Hamilton,2011S0503537,53042.0,,2.25,7.6,2.25,7.6,2026-04-01,40492.0,10.60888439864999,113640.0,58493.0,78664.0,394824.0,75066.33333333333,33517.7524057524,87043.0,0.8660254037844387,-0.4999999999999998,98,0
2026-03-01,Kitchener-Cambridge-Waterloo,2011S0503541,225528.0,,2.25,7.6,2.25,7.6,2026-04-01,114319.0,11.64675681260375,73654.0,47141.0,92603.0,82642.0,164912.66666666666,80440.58911602605,190509.0,0.8660254037844387,-0.4999999999999998,98,0
2026-03-01,London,2011S0503555,86491.0,,2.25,7.6,2.25,7.6,2026-04-01,83764.0,11.335770538127633,73569.0,245608.0,118356.0,123034.0,81673.66666666667,7060.413680044242,112260.0,0.8660254037844387,-0.4999999999999998,98,0
2026-03-01,Toronto,2011S0503535,1260611.0,,2.25,7.6,2.25,7.6,2026-04-01,1047633.0,13.862044846224585,1274201.0,1101315.0,1031678.0,1182468.0,1219599.6666666667,83081.33692552842,1174628.0,0.8660254037844387,-0.4999999999999998,98,0
2026-03-01,Windsor,2011S0503559,48759.0,,2.25,7.6,2.25,7.6,2026-04-01,57992.0,10.968077592589802,35354.0,43032.0,61671.0,46461.0,45485.333333333336,8955.121458323702,55445.0,0.8660254037844387,-0.4999999999999998,98,0
2026-04-01,Hamilton,2011S0503537,40492.0,,2.25,7.5,2.25,7.6,2026-05-01,94731.0,11.458807131282624,53042.0,58517.0,221788.0,87043.0,69058.0,39115.747059208625,117127.0,0.49999999999999994,-0.8660254037844387,99,0
2026-04-01,Kitchener-Cambridge-Waterloo,2011S0503541,114319.0,,2.25,7.5,2.25,7.6,2026-05-01,80482.0,11.295801260980769,225528.0,195556.0,166026.0,190509.0,137833.66666666666,78620.17953638446,52399.0,0.49999999999999994,-0.8660254037844387,99,0
2026-04-01,London,2011S0503555,83764.0,,2.25,7.5,2.25,7.6,2026-05-01,155755.0,11.956045959182175,86491.0,84961.0,165618.0,112260.0,81274.66666666667,6811.175106643194,127033.0,0.49999999999999994,-0.8660254037844387,99,0
2026-04-01,Toronto,2011S0503535,1047633.0,,2.25,7.5,2.25,7.6,2026-05-01,1194813.0,13.993501082697692,1260611.0,1123987.0,1104822.0,1174628.0,1194148.3333333333,127067.8133963639,837204.0,0.49999999999999994,-0.8660254037844387,99,0
2026-04-01,Windsor,2011S0503559,57992.0,,2.25,7.5,2.25,7.6,2026-05-01,42609.0,10.659844246493957,48759.0,52343.0,47789.0,55445.0,47368.333333333336,11382.891826479321,54534.0,0.49999999999999994,-0.8660254037844387,99,0
